Using pre-set license
Built from '2022.3/staging' branch; Version is '2022.3.44f1 (c3ae09b9f03c) revision 12824073'; Using compiler version '192829333'; Build Type 'Release'
OS: 'Windows 11  (10.0.26100) 64bit CoreCountrySpecific' Language: 'zh' Physical Memory: 16110 MB
BatchMode: 1, IsHumanControllingUs: 0, StartBugReporterOnCrash: 0, Is64bit: 1, IsPro: 1

COMMAND LINE ARGUMENTS:
C:\Program Files\Unity\Hub\Editor\2022.3.44f1\Editor\Unity.exe
-adb2
-batchMode
-noUpm
-name
AssetImportWorker1
-projectPath
C:/Users/22807/Desktop/Passion Packs of America/25spring/3150/Escape-The-Trenches
-logFile
Logs/AssetImportWorker1.log
-srvPort
50574
Successfully changed project path to: C:/Users/22807/Desktop/Passion Packs of America/25spring/3150/Escape-The-Trenches
C:/Users/22807/Desktop/Passion Packs of America/25spring/3150/Escape-The-Trenches
[UnityMemory] Configuration Parameters - Can be set up in boot.config
    "memorysetup-bucket-allocator-granularity=16"
    "memorysetup-bucket-allocator-bucket-count=8"
    "memorysetup-bucket-allocator-block-size=33554432"
    "memorysetup-bucket-allocator-block-count=8"
    "memorysetup-main-allocator-block-size=16777216"
    "memorysetup-thread-allocator-block-size=16777216"
    "memorysetup-gfx-main-allocator-block-size=16777216"
    "memorysetup-gfx-thread-allocator-block-size=16777216"
    "memorysetup-cache-allocator-block-size=4194304"
    "memorysetup-typetree-allocator-block-size=2097152"
    "memorysetup-profiler-bucket-allocator-granularity=16"
    "memorysetup-profiler-bucket-allocator-bucket-count=8"
    "memorysetup-profiler-bucket-allocator-block-size=33554432"
    "memorysetup-profiler-bucket-allocator-block-count=8"
    "memorysetup-profiler-allocator-block-size=16777216"
    "memorysetup-profiler-editor-allocator-block-size=1048576"
    "memorysetup-temp-allocator-size-main=16777216"
    "memorysetup-job-temp-allocator-block-size=2097152"
    "memorysetup-job-temp-allocator-block-size-background=1048576"
    "memorysetup-job-temp-allocator-reduction-small-platforms=262144"
    "memorysetup-allocator-temp-initial-block-size-main=262144"
    "memorysetup-allocator-temp-initial-block-size-worker=262144"
    "memorysetup-temp-allocator-size-background-worker=32768"
    "memorysetup-temp-allocator-size-job-worker=262144"
    "memorysetup-temp-allocator-size-preload-manager=33554432"
    "memorysetup-temp-allocator-size-nav-mesh-worker=65536"
    "memorysetup-temp-allocator-size-audio-worker=65536"
    "memorysetup-temp-allocator-size-cloud-worker=32768"
    "memorysetup-temp-allocator-size-gi-baking-worker=262144"
    "memorysetup-temp-allocator-size-gfx=262144"
Player connection [37544]  Target information:

Player connection [37544]  * "[IP] 10.18.216.139 [Port] 0 [Flags] 2 [Guid] 3635728966 [EditorId] 3635728966 [Version] 1048832 [Id] WindowsEditor(7,DESKTOP-7OO8L3G) [Debug] 1 [PackageName] WindowsEditor [ProjectName] Editor" 

Player connection [37544] Host joined multi-casting on [225.0.0.222:54997]...
Player connection [37544] Host joined alternative multi-casting on [225.0.0.222:34997]...
[PhysX] Initialized MultithreadedTaskDispatcher with 16 workers.
Refreshing native plugins compatible for Editor in 25.36 ms, found 4 plugins.
Preloading 0 native plugins for Editor in 0.00 ms.
Initialize engine version: 2022.3.44f1 (c3ae09b9f03c)
[Subsystems] Discovering subsystems at path C:/Program Files/Unity/Hub/Editor/2022.3.44f1/Editor/Data/Resources/UnitySubsystems
[Subsystems] Discovering subsystems at path C:/Users/22807/Desktop/Passion Packs of America/25spring/3150/Escape-The-Trenches/Assets
GfxDevice: creating device client; threaded=0; jobified=0
Direct3D:
    Version:  Direct3D 11.0 [level 11.1]
    Renderer: NVIDIA GeForce RTX 3060 Laptop GPU (ID=0x2560)
    Vendor:   NVIDIA
    VRAM:     5996 MB
    Driver:   32.0.15.5612
Initialize mono
Mono path[0] = 'C:/Program Files/Unity/Hub/Editor/2022.3.44f1/Editor/Data/Managed'
Mono path[1] = 'C:/Program Files/Unity/Hub/Editor/2022.3.44f1/Editor/Data/MonoBleedingEdge/lib/mono/unityjit-win32'
Mono config path = 'C:/Program Files/Unity/Hub/Editor/2022.3.44f1/Editor/Data/MonoBleedingEdge/etc'
Using monoOptions --debugger-agent=transport=dt_socket,embedding=1,server=y,suspend=n,address=127.0.0.1:56560
Begin MonoManager ReloadAssembly
Registering precompiled unity dll's ...
Register platform support module: C:/Program Files/Unity/Hub/Editor/2022.3.44f1/Editor/Data/PlaybackEngines/AndroidPlayer/UnityEditor.Android.Extensions.dll
Register platform support module: C:/Program Files/Unity/Hub/Editor/2022.3.44f1/Editor/Data/PlaybackEngines/WindowsStandaloneSupport/UnityEditor.WindowsStandalone.Extensions.dll
Registered in 0.011166 seconds.
- Loaded All Assemblies, in  0.386 seconds
Native extension for WindowsStandalone target not found
Native extension for Android target not found
Android Extension - Scanning For ADB Devices 545 ms
Mono: successfully reloaded assembly
- Finished resetting the current domain, in  0.909 seconds
Domain Reload Profiling: 1293ms
	BeginReloadAssembly (110ms)
		ExecutionOrderSort (0ms)
		DisableScriptedObjects (0ms)
		BackupInstance (0ms)
		ReleaseScriptingObjects (0ms)
		CreateAndSetChildDomain (1ms)
	RebuildCommonClasses (33ms)
	RebuildNativeTypeToScriptingClass (9ms)
	initialDomainReloadingComplete (65ms)
	LoadAllAssembliesAndSetupDomain (167ms)
		LoadAssemblies (107ms)
		RebuildTransferFunctionScriptingTraits (0ms)
		AnalyzeDomain (164ms)
			TypeCache.Refresh (162ms)
				TypeCache.ScanAssembly (141ms)
			ScanForSourceGeneratedMonoScriptInfo (1ms)
			ResolveRequiredComponents (0ms)
	FinalizeReload (909ms)
		ReleaseScriptCaches (0ms)
		RebuildScriptCaches (0ms)
		SetupLoadedEditorAssemblies (845ms)
			LogAssemblyErrors (0ms)
			InitializePlatformSupportModulesInManaged (662ms)
			SetLoadedEditorAssemblies (6ms)
			RefreshPlugins (0ms)
			BeforeProcessingInitializeOnLoad (3ms)
			ProcessInitializeOnLoadAttributes (129ms)
			ProcessInitializeOnLoadMethodAttributes (45ms)
			AfterProcessingInitializeOnLoad (0ms)
			EditorAssembliesLoaded (0ms)
		ExecutionOrderSort2 (0ms)
		AwakeInstancesAfterBackupRestoration (0ms)
========================================================================
Worker process is ready to serve import requests
Caller must complete domain reload
0x00007ff74200da7d (Unity) StackWalker::GetCurrentCallstack
0x00007ff742012b59 (Unity) StackWalker::ShowCallstack
0x00007ff743000a11 (Unity) GetStacktrace
0x00007ff7436bba5e (Unity) DebugStringToFile
0x00007ff7436bb79a (Unity) AssertImplementation
0x00007ff742e9e99c (Unity) Internal_ADB_WorkerOnly_DomainReload
0x00007ff743385074 (Unity) WorkerDomainReloadV2
0x00007ff7433a5c9f (Unity) <lambda_943be6b2c5671afd01d59371cf3ef730>::operator()
0x00007ff7433e1a92 (Unity) asio::detail::completion_handler<core::mutable_function<void __cdecl(void)>,asio::io_context::basic_executor_type<std::allocator<void>,0> >::do_complete
0x00007ff7433cda3e (Unity) asio::detail::win_iocp_io_context::do_one
0x00007ff7433cf66e (Unity) asio::detail::win_iocp_io_context::run
0x00007ff7433dfe3c (Unity) IOService::Run
0x00007ff7433b32bf (Unity) AssetImportWorkerClient::Run
0x00007ff74337ec27 (Unity) RunAssetImportWorkerClientV2
0x00007ff74337ecab (Unity) RunAssetImporterV2
0x00007ff742b7867e (Unity) Application::InitializeProject
0x00007ff74300b6a5 (Unity) WinMain
0x00007ff7443bd35e (Unity) __scrt_common_main_seh
0x00007ffc72c6e8d7 (KERNEL32) BaseThreadInitThunk
0x00007ffc734bbf2c (ntdll) RtlUserThreadStart

Begin MonoManager ReloadAssembly
- Loaded All Assemblies, in  0.783 seconds
Native extension for WindowsStandalone target not found
Native extension for Android target not found
Mono: successfully reloaded assembly
Package Manager log level set to [2]
[Package Manager] Server::EnsureServerProcessIsRunning -- launch failed, reason: Unity was launched with the -noUpm command-line argument
[Package Manager] UpmClient::Send -- Unable to send message (not connected to UPM process).
[Package Manager] Cannot connect to Unity Package Manager local server
[Package Manager] Server::EnsureServerProcessIsRunning -- launch failed, reason: Unity was launched with the -noUpm command-line argument
[Package Manager] UpmClient::Send -- Unable to send message (not connected to UPM process).
[Package Manager] Cannot connect to Unity Package Manager local server
- Finished resetting the current domain, in  0.694 seconds
Domain Reload Profiling: 1471ms
	BeginReloadAssembly (147ms)
		ExecutionOrderSort (0ms)
		DisableScriptedObjects (4ms)
		BackupInstance (0ms)
		ReleaseScriptingObjects (0ms)
		CreateAndSetChildDomain (27ms)
	RebuildCommonClasses (34ms)
	RebuildNativeTypeToScriptingClass (9ms)
	initialDomainReloadingComplete (42ms)
	LoadAllAssembliesAndSetupDomain (544ms)
		LoadAssemblies (386ms)
		RebuildTransferFunctionScriptingTraits (0ms)
		AnalyzeDomain (240ms)
			TypeCache.Refresh (210ms)
				TypeCache.ScanAssembly (182ms)
			ScanForSourceGeneratedMonoScriptInfo (22ms)
			ResolveRequiredComponents (5ms)
	FinalizeReload (695ms)
		ReleaseScriptCaches (0ms)
		RebuildScriptCaches (0ms)
		SetupLoadedEditorAssemblies (523ms)
			LogAssemblyErrors (0ms)
			InitializePlatformSupportModulesInManaged (17ms)
			SetLoadedEditorAssemblies (6ms)
			RefreshPlugins (0ms)
			BeforeProcessingInitializeOnLoad (71ms)
			ProcessInitializeOnLoadAttributes (384ms)
			ProcessInitializeOnLoadMethodAttributes (34ms)
			AfterProcessingInitializeOnLoad (11ms)
			EditorAssembliesLoaded (0ms)
		ExecutionOrderSort2 (0ms)
		AwakeInstancesAfterBackupRestoration (6ms)
Launched and connected shader compiler UnityShaderCompiler.exe after 0.07 seconds
Refreshing native plugins compatible for Editor in 14.57 ms, found 4 plugins.
Preloading 0 native plugins for Editor in 0.00 ms.
Unloading 4503 Unused Serialized files (Serialized files now loaded: 0)
Unloading 45 unused Assets / (140.3 KB). Loaded Objects now: 4976.
Memory consumption went from 159.5 MB to 159.4 MB.
Total: 9.243000 ms (FindLiveObjects: 0.659100 ms CreateObjectMapping: 0.420100 ms MarkObjects: 7.928000 ms  DeleteObjects: 0.234300 ms)

AssetImportParameters requested are different than current active one (requested -> active):
  custom:container-demuxer-ogg: 62fdf1f143b41e24485cea50d1cbac27 -> 
  custom:video-codec-MediaFoundation-h265: 746d11721c4dcdbdad8f713fa42b33f4 -> 
  custom:video-decoder-ogg-theora: a1e56fd34408186e4bbccfd4996cb3dc -> 
  custom:framework-win-MediaFoundation: 216162199b28c13a410421893ffa2e32 -> 
  custom:CustomObjectIndexerAttribute: 9a22284fe3817be447336de3de66b15e -> 
  custom:container-demuxer-webm: 4f35f7cbe854078d1ac9338744f61a02 -> 
  custom:container-muxer-webm: aa71ff27fc2769a1b78a27578f13a17b -> 
  custom:video-decoder-webm-vp8: 9c59270c3fd7afecdb556c50c9e8de78 -> 
  custom:SearchIndexIgnoredProperties: e643bd26f0fe6173181afceb89e7c659 -> 
  custom:AudioImporter_EditorPlatform: d09bf68614088b80899f8185d706f6e7 -> 
  custom:video-encoder-webm-vp8: eb34c28f22e8b96e1ab97ce403110664 -> 
  custom:audio-decoder-ogg-vorbis: bf7c407c2cedff20999df2af8eb42d56 -> 
  custom:audio-encoder-webm-vorbis: bf7c407c2cedff20999df2af8eb42d56 -> 
========================================================================
Received Prepare
Caller must complete domain reload
0x00007ff74200da7d (Unity) StackWalker::GetCurrentCallstack
0x00007ff742012b59 (Unity) StackWalker::ShowCallstack
0x00007ff743000a11 (Unity) GetStacktrace
0x00007ff7436bba5e (Unity) DebugStringToFile
0x00007ff7436bb79a (Unity) AssertImplementation
0x00007ff742e9e99c (Unity) Internal_ADB_WorkerOnly_DomainReload
0x00007ff743385074 (Unity) WorkerDomainReloadV2
0x00007ff7433a6285 (Unity) <lambda_b37b41f03089e3cb3f55061bbc93253d>::operator()
0x00007ff7433e1a92 (Unity) asio::detail::completion_handler<core::mutable_function<void __cdecl(void)>,asio::io_context::basic_executor_type<std::allocator<void>,0> >::do_complete
0x00007ff7433cda3e (Unity) asio::detail::win_iocp_io_context::do_one
0x00007ff7433cf6a4 (Unity) asio::detail::win_iocp_io_context::run
0x00007ff7433dfe3c (Unity) IOService::Run
0x00007ff7433b32bf (Unity) AssetImportWorkerClient::Run
0x00007ff74337ec27 (Unity) RunAssetImportWorkerClientV2
0x00007ff74337ecab (Unity) RunAssetImporterV2
0x00007ff742b7867e (Unity) Application::InitializeProject
0x00007ff74300b6a5 (Unity) WinMain
0x00007ff7443bd35e (Unity) __scrt_common_main_seh
0x00007ffc72c6e8d7 (KERNEL32) BaseThreadInitThunk
0x00007ffc734bbf2c (ntdll) RtlUserThreadStart

Begin MonoManager ReloadAssembly
- Loaded All Assemblies, in  1.079 seconds
Native extension for WindowsStandalone target not found
Native extension for Android target not found
Mono: successfully reloaded assembly
[Package Manager] Server::EnsureServerProcessIsRunning -- launch failed, reason: Unity was launched with the -noUpm command-line argument
[Package Manager] UpmClient::Send -- Unable to send message (not connected to UPM process).
[Package Manager] Cannot connect to Unity Package Manager local server
- Finished resetting the current domain, in  0.616 seconds
Domain Reload Profiling: 1690ms
	BeginReloadAssembly (713ms)
		ExecutionOrderSort (0ms)
		DisableScriptedObjects (546ms)
		BackupInstance (0ms)
		ReleaseScriptingObjects (0ms)
		CreateAndSetChildDomain (43ms)
	RebuildCommonClasses (37ms)
	RebuildNativeTypeToScriptingClass (11ms)
	initialDomainReloadingComplete (36ms)
	LoadAllAssembliesAndSetupDomain (277ms)
		LoadAssemblies (350ms)
		RebuildTransferFunctionScriptingTraits (0ms)
		AnalyzeDomain (15ms)
			TypeCache.Refresh (8ms)
				TypeCache.ScanAssembly (0ms)
			ScanForSourceGeneratedMonoScriptInfo (0ms)
			ResolveRequiredComponents (6ms)
	FinalizeReload (617ms)
		ReleaseScriptCaches (0ms)
		RebuildScriptCaches (0ms)
		SetupLoadedEditorAssemblies (427ms)
			LogAssemblyErrors (0ms)
			InitializePlatformSupportModulesInManaged (20ms)
			SetLoadedEditorAssemblies (3ms)
			RefreshPlugins (0ms)
			BeforeProcessingInitializeOnLoad (79ms)
			ProcessInitializeOnLoadAttributes (281ms)
			ProcessInitializeOnLoadMethodAttributes (34ms)
			AfterProcessingInitializeOnLoad (9ms)
			EditorAssembliesLoaded (1ms)
		ExecutionOrderSort2 (0ms)
		AwakeInstancesAfterBackupRestoration (12ms)
Refreshing native plugins compatible for Editor in 10.70 ms, found 4 plugins.
Preloading 0 native plugins for Editor in 0.00 ms.
Unloading 4478 Unused Serialized files (Serialized files now loaded: 0)
Unloading 20 unused Assets / (112.0 KB). Loaded Objects now: 4993.
Memory consumption went from 153.3 MB to 153.2 MB.
Total: 4.819000 ms (FindLiveObjects: 0.439900 ms CreateObjectMapping: 0.212600 ms MarkObjects: 4.096300 ms  DeleteObjects: 0.068800 ms)

Prepare: number of updated asset objects reloaded= 0
AssetImportParameters requested are different than current active one (requested -> active):
  custom:container-demuxer-ogg: 62fdf1f143b41e24485cea50d1cbac27 -> 
  custom:video-codec-MediaFoundation-h265: 746d11721c4dcdbdad8f713fa42b33f4 -> 
  custom:video-decoder-ogg-theora: a1e56fd34408186e4bbccfd4996cb3dc -> 
  custom:framework-win-MediaFoundation: 216162199b28c13a410421893ffa2e32 -> 
  custom:CustomObjectIndexerAttribute: 9a22284fe3817be447336de3de66b15e -> 
  custom:container-demuxer-webm: 4f35f7cbe854078d1ac9338744f61a02 -> 
  custom:container-muxer-webm: aa71ff27fc2769a1b78a27578f13a17b -> 
  custom:video-decoder-webm-vp8: 9c59270c3fd7afecdb556c50c9e8de78 -> 
  custom:SearchIndexIgnoredProperties: e643bd26f0fe6173181afceb89e7c659 -> 
  custom:AudioImporter_EditorPlatform: d09bf68614088b80899f8185d706f6e7 -> 
  custom:video-encoder-webm-vp8: eb34c28f22e8b96e1ab97ce403110664 -> 
  custom:audio-decoder-ogg-vorbis: bf7c407c2cedff20999df2af8eb42d56 -> 
  custom:audio-encoder-webm-vorbis: bf7c407c2cedff20999df2af8eb42d56 -> 
========================================================================
Received Prepare
Caller must complete domain reload
0x00007ff74200da7d (Unity) StackWalker::GetCurrentCallstack
0x00007ff742012b59 (Unity) StackWalker::ShowCallstack
0x00007ff743000a11 (Unity) GetStacktrace
0x00007ff7436bba5e (Unity) DebugStringToFile
0x00007ff7436bb79a (Unity) AssertImplementation
0x00007ff742e9e99c (Unity) Internal_ADB_WorkerOnly_DomainReload
0x00007ff743385074 (Unity) WorkerDomainReloadV2
0x00007ff7433a6285 (Unity) <lambda_b37b41f03089e3cb3f55061bbc93253d>::operator()
0x00007ff7433e1a92 (Unity) asio::detail::completion_handler<core::mutable_function<void __cdecl(void)>,asio::io_context::basic_executor_type<std::allocator<void>,0> >::do_complete
0x00007ff7433cda3e (Unity) asio::detail::win_iocp_io_context::do_one
0x00007ff7433cf6a4 (Unity) asio::detail::win_iocp_io_context::run
0x00007ff7433dfe3c (Unity) IOService::Run
0x00007ff7433b32bf (Unity) AssetImportWorkerClient::Run
0x00007ff74337ec27 (Unity) RunAssetImportWorkerClientV2
0x00007ff74337ecab (Unity) RunAssetImporterV2
0x00007ff742b7867e (Unity) Application::InitializeProject
0x00007ff74300b6a5 (Unity) WinMain
0x00007ff7443bd35e (Unity) __scrt_common_main_seh
0x00007ffc72c6e8d7 (KERNEL32) BaseThreadInitThunk
0x00007ffc734bbf2c (ntdll) RtlUserThreadStart

Begin MonoManager ReloadAssembly
- Loaded All Assemblies, in  0.504 seconds
Native extension for WindowsStandalone target not found
Native extension for Android target not found
Mono: successfully reloaded assembly
[Package Manager] Server::EnsureServerProcessIsRunning -- launch failed, reason: Unity was launched with the -noUpm command-line argument
[Package Manager] UpmClient::Send -- Unable to send message (not connected to UPM process).
[Package Manager] Cannot connect to Unity Package Manager local server
- Finished resetting the current domain, in  1.145 seconds
Domain Reload Profiling: 1644ms
	BeginReloadAssembly (166ms)
		ExecutionOrderSort (0ms)
		DisableScriptedObjects (10ms)
		BackupInstance (0ms)
		ReleaseScriptingObjects (0ms)
		CreateAndSetChildDomain (35ms)
	RebuildCommonClasses (37ms)
	RebuildNativeTypeToScriptingClass (10ms)
	initialDomainReloadingComplete (30ms)
	LoadAllAssembliesAndSetupDomain (255ms)
		LoadAssemblies (326ms)
		RebuildTransferFunctionScriptingTraits (0ms)
		AnalyzeDomain (16ms)
			TypeCache.Refresh (8ms)
				TypeCache.ScanAssembly (0ms)
			ScanForSourceGeneratedMonoScriptInfo (0ms)
			ResolveRequiredComponents (6ms)
	FinalizeReload (1146ms)
		ReleaseScriptCaches (0ms)
		RebuildScriptCaches (0ms)
		SetupLoadedEditorAssemblies (447ms)
			LogAssemblyErrors (0ms)
			InitializePlatformSupportModulesInManaged (22ms)
			SetLoadedEditorAssemblies (3ms)
			RefreshPlugins (0ms)
			BeforeProcessingInitializeOnLoad (83ms)
			ProcessInitializeOnLoadAttributes (296ms)
			ProcessInitializeOnLoadMethodAttributes (32ms)
			AfterProcessingInitializeOnLoad (10ms)
			EditorAssembliesLoaded (0ms)
		ExecutionOrderSort2 (0ms)
		AwakeInstancesAfterBackupRestoration (14ms)
Refreshing native plugins compatible for Editor in 12.93 ms, found 4 plugins.
Preloading 0 native plugins for Editor in 0.00 ms.
Unloading 4478 Unused Serialized files (Serialized files now loaded: 0)
Unloading 20 unused Assets / (112.1 KB). Loaded Objects now: 5009.
Memory consumption went from 153.3 MB to 153.2 MB.
Total: 3.849800 ms (FindLiveObjects: 0.353200 ms CreateObjectMapping: 0.230700 ms MarkObjects: 3.190700 ms  DeleteObjects: 0.074300 ms)

Prepare: number of updated asset objects reloaded= 0
AssetImportParameters requested are different than current active one (requested -> active):
  custom:container-demuxer-ogg: 62fdf1f143b41e24485cea50d1cbac27 -> 
  custom:video-codec-MediaFoundation-h265: 746d11721c4dcdbdad8f713fa42b33f4 -> 
  custom:video-decoder-ogg-theora: a1e56fd34408186e4bbccfd4996cb3dc -> 
  custom:framework-win-MediaFoundation: 216162199b28c13a410421893ffa2e32 -> 
  custom:CustomObjectIndexerAttribute: 9a22284fe3817be447336de3de66b15e -> 
  custom:container-demuxer-webm: 4f35f7cbe854078d1ac9338744f61a02 -> 
  custom:container-muxer-webm: aa71ff27fc2769a1b78a27578f13a17b -> 
  custom:video-decoder-webm-vp8: 9c59270c3fd7afecdb556c50c9e8de78 -> 
  custom:SearchIndexIgnoredProperties: e643bd26f0fe6173181afceb89e7c659 -> 
  custom:AudioImporter_EditorPlatform: d09bf68614088b80899f8185d706f6e7 -> 
  custom:video-encoder-webm-vp8: eb34c28f22e8b96e1ab97ce403110664 -> 
  custom:audio-decoder-ogg-vorbis: bf7c407c2cedff20999df2af8eb42d56 -> 
  custom:audio-encoder-webm-vorbis: bf7c407c2cedff20999df2af8eb42d56 -> 
========================================================================
Received Prepare
Caller must complete domain reload
0x00007ff74200da7d (Unity) StackWalker::GetCurrentCallstack
0x00007ff742012b59 (Unity) StackWalker::ShowCallstack
0x00007ff743000a11 (Unity) GetStacktrace
0x00007ff7436bba5e (Unity) DebugStringToFile
0x00007ff7436bb79a (Unity) AssertImplementation
0x00007ff742e9e99c (Unity) Internal_ADB_WorkerOnly_DomainReload
0x00007ff743385074 (Unity) WorkerDomainReloadV2
0x00007ff7433a6285 (Unity) <lambda_b37b41f03089e3cb3f55061bbc93253d>::operator()
0x00007ff7433e1a92 (Unity) asio::detail::completion_handler<core::mutable_function<void __cdecl(void)>,asio::io_context::basic_executor_type<std::allocator<void>,0> >::do_complete
0x00007ff7433cda3e (Unity) asio::detail::win_iocp_io_context::do_one
0x00007ff7433cf6a4 (Unity) asio::detail::win_iocp_io_context::run
0x00007ff7433dfe3c (Unity) IOService::Run
0x00007ff7433b32bf (Unity) AssetImportWorkerClient::Run
0x00007ff74337ec27 (Unity) RunAssetImportWorkerClientV2
0x00007ff74337ecab (Unity) RunAssetImporterV2
0x00007ff742b7867e (Unity) Application::InitializeProject
0x00007ff74300b6a5 (Unity) WinMain
0x00007ff7443bd35e (Unity) __scrt_common_main_seh
0x00007ffc72c6e8d7 (KERNEL32) BaseThreadInitThunk
0x00007ffc734bbf2c (ntdll) RtlUserThreadStart

Begin MonoManager ReloadAssembly
- Loaded All Assemblies, in  0.501 seconds
Native extension for WindowsStandalone target not found
Native extension for Android target not found
Mono: successfully reloaded assembly
[Package Manager] Server::EnsureServerProcessIsRunning -- launch failed, reason: Unity was launched with the -noUpm command-line argument
[Package Manager] UpmClient::Send -- Unable to send message (not connected to UPM process).
[Package Manager] Cannot connect to Unity Package Manager local server
- Finished resetting the current domain, in  1.132 seconds
Domain Reload Profiling: 1627ms
	BeginReloadAssembly (159ms)
		ExecutionOrderSort (0ms)
		DisableScriptedObjects (9ms)
		BackupInstance (0ms)
		ReleaseScriptingObjects (0ms)
		CreateAndSetChildDomain (37ms)
	RebuildCommonClasses (32ms)
	RebuildNativeTypeToScriptingClass (15ms)
	initialDomainReloadingComplete (34ms)
	LoadAllAssembliesAndSetupDomain (255ms)
		LoadAssemblies (319ms)
		RebuildTransferFunctionScriptingTraits (0ms)
		AnalyzeDomain (16ms)
			TypeCache.Refresh (8ms)
				TypeCache.ScanAssembly (0ms)
			ScanForSourceGeneratedMonoScriptInfo (0ms)
			ResolveRequiredComponents (6ms)
	FinalizeReload (1132ms)
		ReleaseScriptCaches (0ms)
		RebuildScriptCaches (0ms)
		SetupLoadedEditorAssemblies (437ms)
			LogAssemblyErrors (0ms)
			InitializePlatformSupportModulesInManaged (20ms)
			SetLoadedEditorAssemblies (4ms)
			RefreshPlugins (0ms)
			BeforeProcessingInitializeOnLoad (86ms)
			ProcessInitializeOnLoadAttributes (287ms)
			ProcessInitializeOnLoadMethodAttributes (31ms)
			AfterProcessingInitializeOnLoad (9ms)
			EditorAssembliesLoaded (0ms)
		ExecutionOrderSort2 (0ms)
		AwakeInstancesAfterBackupRestoration (13ms)
Refreshing native plugins compatible for Editor in 10.99 ms, found 4 plugins.
Preloading 0 native plugins for Editor in 0.00 ms.
Unloading 4478 Unused Serialized files (Serialized files now loaded: 0)
Unloading 20 unused Assets / (112.0 KB). Loaded Objects now: 5025.
Memory consumption went from 153.3 MB to 153.2 MB.
Total: 4.497900 ms (FindLiveObjects: 0.556100 ms CreateObjectMapping: 0.457300 ms MarkObjects: 3.414800 ms  DeleteObjects: 0.068700 ms)

Prepare: number of updated asset objects reloaded= 0
AssetImportParameters requested are different than current active one (requested -> active):
  custom:container-demuxer-ogg: 62fdf1f143b41e24485cea50d1cbac27 -> 
  custom:video-codec-MediaFoundation-h265: 746d11721c4dcdbdad8f713fa42b33f4 -> 
  custom:video-decoder-ogg-theora: a1e56fd34408186e4bbccfd4996cb3dc -> 
  custom:framework-win-MediaFoundation: 216162199b28c13a410421893ffa2e32 -> 
  custom:CustomObjectIndexerAttribute: 9a22284fe3817be447336de3de66b15e -> 
  custom:container-demuxer-webm: 4f35f7cbe854078d1ac9338744f61a02 -> 
  custom:container-muxer-webm: aa71ff27fc2769a1b78a27578f13a17b -> 
  custom:video-decoder-webm-vp8: 9c59270c3fd7afecdb556c50c9e8de78 -> 
  custom:SearchIndexIgnoredProperties: e643bd26f0fe6173181afceb89e7c659 -> 
  custom:AudioImporter_EditorPlatform: d09bf68614088b80899f8185d706f6e7 -> 
  custom:video-encoder-webm-vp8: eb34c28f22e8b96e1ab97ce403110664 -> 
  custom:audio-decoder-ogg-vorbis: bf7c407c2cedff20999df2af8eb42d56 -> 
  custom:audio-encoder-webm-vorbis: bf7c407c2cedff20999df2af8eb42d56 -> 
========================================================================
Received Prepare
Caller must complete domain reload
0x00007ff74200da7d (Unity) StackWalker::GetCurrentCallstack
0x00007ff742012b59 (Unity) StackWalker::ShowCallstack
0x00007ff743000a11 (Unity) GetStacktrace
0x00007ff7436bba5e (Unity) DebugStringToFile
0x00007ff7436bb79a (Unity) AssertImplementation
0x00007ff742e9e99c (Unity) Internal_ADB_WorkerOnly_DomainReload
0x00007ff743385074 (Unity) WorkerDomainReloadV2
0x00007ff7433a6285 (Unity) <lambda_b37b41f03089e3cb3f55061bbc93253d>::operator()
0x00007ff7433e1a92 (Unity) asio::detail::completion_handler<core::mutable_function<void __cdecl(void)>,asio::io_context::basic_executor_type<std::allocator<void>,0> >::do_complete
0x00007ff7433cda3e (Unity) asio::detail::win_iocp_io_context::do_one
0x00007ff7433cf6a4 (Unity) asio::detail::win_iocp_io_context::run
0x00007ff7433dfe3c (Unity) IOService::Run
0x00007ff7433b32bf (Unity) AssetImportWorkerClient::Run
0x00007ff74337ec27 (Unity) RunAssetImportWorkerClientV2
0x00007ff74337ecab (Unity) RunAssetImporterV2
0x00007ff742b7867e (Unity) Application::InitializeProject
0x00007ff74300b6a5 (Unity) WinMain
0x00007ff7443bd35e (Unity) __scrt_common_main_seh
0x00007ffc72c6e8d7 (KERNEL32) BaseThreadInitThunk
0x00007ffc734bbf2c (ntdll) RtlUserThreadStart

Begin MonoManager ReloadAssembly
- Loaded All Assemblies, in  0.471 seconds
Native extension for WindowsStandalone target not found
Native extension for Android target not found
Mono: successfully reloaded assembly
[Package Manager] Server::EnsureServerProcessIsRunning -- launch failed, reason: Unity was launched with the -noUpm command-line argument
[Package Manager] UpmClient::Send -- Unable to send message (not connected to UPM process).
[Package Manager] Cannot connect to Unity Package Manager local server
- Finished resetting the current domain, in  1.217 seconds
Domain Reload Profiling: 1682ms
	BeginReloadAssembly (139ms)
		ExecutionOrderSort (0ms)
		DisableScriptedObjects (8ms)
		BackupInstance (0ms)
		ReleaseScriptingObjects (0ms)
		CreateAndSetChildDomain (32ms)
	RebuildCommonClasses (28ms)
	RebuildNativeTypeToScriptingClass (18ms)
	initialDomainReloadingComplete (34ms)
	LoadAllAssembliesAndSetupDomain (246ms)
		LoadAssemblies (296ms)
		RebuildTransferFunctionScriptingTraits (0ms)
		AnalyzeDomain (19ms)
			TypeCache.Refresh (8ms)
				TypeCache.ScanAssembly (0ms)
			ScanForSourceGeneratedMonoScriptInfo (0ms)
			ResolveRequiredComponents (9ms)
	FinalizeReload (1218ms)
		ReleaseScriptCaches (0ms)
		RebuildScriptCaches (0ms)
		SetupLoadedEditorAssemblies (450ms)
			LogAssemblyErrors (0ms)
			InitializePlatformSupportModulesInManaged (21ms)
			SetLoadedEditorAssemblies (4ms)
			RefreshPlugins (0ms)
			BeforeProcessingInitializeOnLoad (88ms)
			ProcessInitializeOnLoadAttributes (293ms)
			ProcessInitializeOnLoadMethodAttributes (33ms)
			AfterProcessingInitializeOnLoad (10ms)
			EditorAssembliesLoaded (0ms)
		ExecutionOrderSort2 (0ms)
		AwakeInstancesAfterBackupRestoration (14ms)
Refreshing native plugins compatible for Editor in 10.43 ms, found 4 plugins.
Preloading 0 native plugins for Editor in 0.00 ms.
Unloading 4478 Unused Serialized files (Serialized files now loaded: 0)
Unloading 20 unused Assets / (112.0 KB). Loaded Objects now: 5041.
Memory consumption went from 153.3 MB to 153.2 MB.
Total: 3.776300 ms (FindLiveObjects: 0.308500 ms CreateObjectMapping: 0.128000 ms MarkObjects: 3.233400 ms  DeleteObjects: 0.104900 ms)

Prepare: number of updated asset objects reloaded= 0
AssetImportParameters requested are different than current active one (requested -> active):
  custom:container-demuxer-ogg: 62fdf1f143b41e24485cea50d1cbac27 -> 
  custom:video-codec-MediaFoundation-h265: 746d11721c4dcdbdad8f713fa42b33f4 -> 
  custom:video-decoder-ogg-theora: a1e56fd34408186e4bbccfd4996cb3dc -> 
  custom:framework-win-MediaFoundation: 216162199b28c13a410421893ffa2e32 -> 
  custom:CustomObjectIndexerAttribute: 9a22284fe3817be447336de3de66b15e -> 
  custom:container-demuxer-webm: 4f35f7cbe854078d1ac9338744f61a02 -> 
  custom:container-muxer-webm: aa71ff27fc2769a1b78a27578f13a17b -> 
  custom:video-decoder-webm-vp8: 9c59270c3fd7afecdb556c50c9e8de78 -> 
  custom:SearchIndexIgnoredProperties: e643bd26f0fe6173181afceb89e7c659 -> 
  custom:AudioImporter_EditorPlatform: d09bf68614088b80899f8185d706f6e7 -> 
  custom:video-encoder-webm-vp8: eb34c28f22e8b96e1ab97ce403110664 -> 
  custom:audio-decoder-ogg-vorbis: bf7c407c2cedff20999df2af8eb42d56 -> 
  custom:audio-encoder-webm-vorbis: bf7c407c2cedff20999df2af8eb42d56 -> 
========================================================================
Received Prepare
Caller must complete domain reload
0x00007ff74200da7d (Unity) StackWalker::GetCurrentCallstack
0x00007ff742012b59 (Unity) StackWalker::ShowCallstack
0x00007ff743000a11 (Unity) GetStacktrace
0x00007ff7436bba5e (Unity) DebugStringToFile
0x00007ff7436bb79a (Unity) AssertImplementation
0x00007ff742e9e99c (Unity) Internal_ADB_WorkerOnly_DomainReload
0x00007ff743385074 (Unity) WorkerDomainReloadV2
0x00007ff7433a6285 (Unity) <lambda_b37b41f03089e3cb3f55061bbc93253d>::operator()
0x00007ff7433e1a92 (Unity) asio::detail::completion_handler<core::mutable_function<void __cdecl(void)>,asio::io_context::basic_executor_type<std::allocator<void>,0> >::do_complete
0x00007ff7433cda3e (Unity) asio::detail::win_iocp_io_context::do_one
0x00007ff7433cf6a4 (Unity) asio::detail::win_iocp_io_context::run
0x00007ff7433dfe3c (Unity) IOService::Run
0x00007ff7433b32bf (Unity) AssetImportWorkerClient::Run
0x00007ff74337ec27 (Unity) RunAssetImportWorkerClientV2
0x00007ff74337ecab (Unity) RunAssetImporterV2
0x00007ff742b7867e (Unity) Application::InitializeProject
0x00007ff74300b6a5 (Unity) WinMain
0x00007ff7443bd35e (Unity) __scrt_common_main_seh
0x00007ffc72c6e8d7 (KERNEL32) BaseThreadInitThunk
0x00007ffc734bbf2c (ntdll) RtlUserThreadStart

Begin MonoManager ReloadAssembly
- Loaded All Assemblies, in  0.466 seconds
Native extension for WindowsStandalone target not found
Native extension for Android target not found
Mono: successfully reloaded assembly
[Package Manager] Server::EnsureServerProcessIsRunning -- launch failed, reason: Unity was launched with the -noUpm command-line argument
[Package Manager] UpmClient::Send -- Unable to send message (not connected to UPM process).
[Package Manager] Cannot connect to Unity Package Manager local server
- Finished resetting the current domain, in  1.211 seconds
Domain Reload Profiling: 1670ms
	BeginReloadAssembly (149ms)
		ExecutionOrderSort (0ms)
		DisableScriptedObjects (9ms)
		BackupInstance (0ms)
		ReleaseScriptingObjects (0ms)
		CreateAndSetChildDomain (32ms)
	RebuildCommonClasses (31ms)
	RebuildNativeTypeToScriptingClass (9ms)
	initialDomainReloadingComplete (37ms)
	LoadAllAssembliesAndSetupDomain (233ms)
		LoadAssemblies (292ms)
		RebuildTransferFunctionScriptingTraits (0ms)
		AnalyzeDomain (15ms)
			TypeCache.Refresh (8ms)
				TypeCache.ScanAssembly (0ms)
			ScanForSourceGeneratedMonoScriptInfo (0ms)
			ResolveRequiredComponents (6ms)
	FinalizeReload (1211ms)
		ReleaseScriptCaches (0ms)
		RebuildScriptCaches (0ms)
		SetupLoadedEditorAssemblies (515ms)
			LogAssemblyErrors (0ms)
			InitializePlatformSupportModulesInManaged (20ms)
			SetLoadedEditorAssemblies (3ms)
			RefreshPlugins (0ms)
			BeforeProcessingInitializeOnLoad (85ms)
			ProcessInitializeOnLoadAttributes (367ms)
			ProcessInitializeOnLoadMethodAttributes (29ms)
			AfterProcessingInitializeOnLoad (10ms)
			EditorAssembliesLoaded (0ms)
		ExecutionOrderSort2 (0ms)
		AwakeInstancesAfterBackupRestoration (12ms)
Refreshing native plugins compatible for Editor in 11.33 ms, found 4 plugins.
Preloading 0 native plugins for Editor in 0.00 ms.
Unloading 4478 Unused Serialized files (Serialized files now loaded: 0)
Unloading 20 unused Assets / (112.0 KB). Loaded Objects now: 5057.
Memory consumption went from 153.3 MB to 153.2 MB.
Total: 3.719000 ms (FindLiveObjects: 0.398500 ms CreateObjectMapping: 0.196500 ms MarkObjects: 3.047100 ms  DeleteObjects: 0.075500 ms)

Prepare: number of updated asset objects reloaded= 0
AssetImportParameters requested are different than current active one (requested -> active):
  custom:container-demuxer-ogg: 62fdf1f143b41e24485cea50d1cbac27 -> 
  custom:video-codec-MediaFoundation-h265: 746d11721c4dcdbdad8f713fa42b33f4 -> 
  custom:video-decoder-ogg-theora: a1e56fd34408186e4bbccfd4996cb3dc -> 
  custom:framework-win-MediaFoundation: 216162199b28c13a410421893ffa2e32 -> 
  custom:CustomObjectIndexerAttribute: 9a22284fe3817be447336de3de66b15e -> 
  custom:container-demuxer-webm: 4f35f7cbe854078d1ac9338744f61a02 -> 
  custom:container-muxer-webm: aa71ff27fc2769a1b78a27578f13a17b -> 
  custom:video-decoder-webm-vp8: 9c59270c3fd7afecdb556c50c9e8de78 -> 
  custom:SearchIndexIgnoredProperties: e643bd26f0fe6173181afceb89e7c659 -> 
  custom:AudioImporter_EditorPlatform: d09bf68614088b80899f8185d706f6e7 -> 
  custom:video-encoder-webm-vp8: eb34c28f22e8b96e1ab97ce403110664 -> 
  custom:audio-decoder-ogg-vorbis: bf7c407c2cedff20999df2af8eb42d56 -> 
  custom:audio-encoder-webm-vorbis: bf7c407c2cedff20999df2af8eb42d56 -> 
========================================================================
Received Prepare
Caller must complete domain reload
0x00007ff74200da7d (Unity) StackWalker::GetCurrentCallstack
0x00007ff742012b59 (Unity) StackWalker::ShowCallstack
0x00007ff743000a11 (Unity) GetStacktrace
0x00007ff7436bba5e (Unity) DebugStringToFile
0x00007ff7436bb79a (Unity) AssertImplementation
0x00007ff742e9e99c (Unity) Internal_ADB_WorkerOnly_DomainReload
0x00007ff743385074 (Unity) WorkerDomainReloadV2
0x00007ff7433a6285 (Unity) <lambda_b37b41f03089e3cb3f55061bbc93253d>::operator()
0x00007ff7433e1a92 (Unity) asio::detail::completion_handler<core::mutable_function<void __cdecl(void)>,asio::io_context::basic_executor_type<std::allocator<void>,0> >::do_complete
0x00007ff7433cda3e (Unity) asio::detail::win_iocp_io_context::do_one
0x00007ff7433cf6a4 (Unity) asio::detail::win_iocp_io_context::run
0x00007ff7433dfe3c (Unity) IOService::Run
0x00007ff7433b32bf (Unity) AssetImportWorkerClient::Run
0x00007ff74337ec27 (Unity) RunAssetImportWorkerClientV2
0x00007ff74337ecab (Unity) RunAssetImporterV2
0x00007ff742b7867e (Unity) Application::InitializeProject
0x00007ff74300b6a5 (Unity) WinMain
0x00007ff7443bd35e (Unity) __scrt_common_main_seh
0x00007ffc72c6e8d7 (KERNEL32) BaseThreadInitThunk
0x00007ffc734bbf2c (ntdll) RtlUserThreadStart

Begin MonoManager ReloadAssembly
- Loaded All Assemblies, in  0.441 seconds
Native extension for WindowsStandalone target not found
Native extension for Android target not found
Mono: successfully reloaded assembly
[Package Manager] Server::EnsureServerProcessIsRunning -- launch failed, reason: Unity was launched with the -noUpm command-line argument
[Package Manager] UpmClient::Send -- Unable to send message (not connected to UPM process).
[Package Manager] Cannot connect to Unity Package Manager local server
- Finished resetting the current domain, in  1.196 seconds
Domain Reload Profiling: 1631ms
	BeginReloadAssembly (143ms)
		ExecutionOrderSort (0ms)
		DisableScriptedObjects (9ms)
		BackupInstance (0ms)
		ReleaseScriptingObjects (0ms)
		CreateAndSetChildDomain (29ms)
	RebuildCommonClasses (30ms)
	RebuildNativeTypeToScriptingClass (9ms)
	initialDomainReloadingComplete (29ms)
	LoadAllAssembliesAndSetupDomain (223ms)
		LoadAssemblies (282ms)
		RebuildTransferFunctionScriptingTraits (0ms)
		AnalyzeDomain (15ms)
			TypeCache.Refresh (8ms)
				TypeCache.ScanAssembly (0ms)
			ScanForSourceGeneratedMonoScriptInfo (0ms)
			ResolveRequiredComponents (6ms)
	FinalizeReload (1197ms)
		ReleaseScriptCaches (0ms)
		RebuildScriptCaches (0ms)
		SetupLoadedEditorAssemblies (507ms)
			LogAssemblyErrors (0ms)
			InitializePlatformSupportModulesInManaged (20ms)
			SetLoadedEditorAssemblies (4ms)
			RefreshPlugins (0ms)
			BeforeProcessingInitializeOnLoad (90ms)
			ProcessInitializeOnLoadAttributes (355ms)
			ProcessInitializeOnLoadMethodAttributes (30ms)
			AfterProcessingInitializeOnLoad (8ms)
			EditorAssembliesLoaded (0ms)
		ExecutionOrderSort2 (0ms)
		AwakeInstancesAfterBackupRestoration (11ms)
Refreshing native plugins compatible for Editor in 11.20 ms, found 4 plugins.
Preloading 0 native plugins for Editor in 0.00 ms.
Unloading 4478 Unused Serialized files (Serialized files now loaded: 0)
Unloading 20 unused Assets / (112.1 KB). Loaded Objects now: 5073.
Memory consumption went from 153.3 MB to 153.2 MB.
Total: 4.540100 ms (FindLiveObjects: 0.322800 ms CreateObjectMapping: 0.126100 ms MarkObjects: 3.749000 ms  DeleteObjects: 0.339600 ms)

Prepare: number of updated asset objects reloaded= 0
AssetImportParameters requested are different than current active one (requested -> active):
  custom:container-demuxer-ogg: 62fdf1f143b41e24485cea50d1cbac27 -> 
  custom:video-codec-MediaFoundation-h265: 746d11721c4dcdbdad8f713fa42b33f4 -> 
  custom:video-decoder-ogg-theora: a1e56fd34408186e4bbccfd4996cb3dc -> 
  custom:framework-win-MediaFoundation: 216162199b28c13a410421893ffa2e32 -> 
  custom:CustomObjectIndexerAttribute: 9a22284fe3817be447336de3de66b15e -> 
  custom:container-demuxer-webm: 4f35f7cbe854078d1ac9338744f61a02 -> 
  custom:container-muxer-webm: aa71ff27fc2769a1b78a27578f13a17b -> 
  custom:video-decoder-webm-vp8: 9c59270c3fd7afecdb556c50c9e8de78 -> 
  custom:SearchIndexIgnoredProperties: e643bd26f0fe6173181afceb89e7c659 -> 
  custom:AudioImporter_EditorPlatform: d09bf68614088b80899f8185d706f6e7 -> 
  custom:video-encoder-webm-vp8: eb34c28f22e8b96e1ab97ce403110664 -> 
  custom:audio-decoder-ogg-vorbis: bf7c407c2cedff20999df2af8eb42d56 -> 
  custom:audio-encoder-webm-vorbis: bf7c407c2cedff20999df2af8eb42d56 -> 
========================================================================
Received Prepare
Caller must complete domain reload
0x00007ff74200da7d (Unity) StackWalker::GetCurrentCallstack
0x00007ff742012b59 (Unity) StackWalker::ShowCallstack
0x00007ff743000a11 (Unity) GetStacktrace
0x00007ff7436bba5e (Unity) DebugStringToFile
0x00007ff7436bb79a (Unity) AssertImplementation
0x00007ff742e9e99c (Unity) Internal_ADB_WorkerOnly_DomainReload
0x00007ff743385074 (Unity) WorkerDomainReloadV2
0x00007ff7433a6285 (Unity) <lambda_b37b41f03089e3cb3f55061bbc93253d>::operator()
0x00007ff7433e1a92 (Unity) asio::detail::completion_handler<core::mutable_function<void __cdecl(void)>,asio::io_context::basic_executor_type<std::allocator<void>,0> >::do_complete
0x00007ff7433cda3e (Unity) asio::detail::win_iocp_io_context::do_one
0x00007ff7433cf6a4 (Unity) asio::detail::win_iocp_io_context::run
0x00007ff7433dfe3c (Unity) IOService::Run
0x00007ff7433b32bf (Unity) AssetImportWorkerClient::Run
0x00007ff74337ec27 (Unity) RunAssetImportWorkerClientV2
0x00007ff74337ecab (Unity) RunAssetImporterV2
0x00007ff742b7867e (Unity) Application::InitializeProject
0x00007ff74300b6a5 (Unity) WinMain
0x00007ff7443bd35e (Unity) __scrt_common_main_seh
0x00007ffc72c6e8d7 (KERNEL32) BaseThreadInitThunk
0x00007ffc734bbf2c (ntdll) RtlUserThreadStart

Begin MonoManager ReloadAssembly
- Loaded All Assemblies, in  0.475 seconds
Native extension for WindowsStandalone target not found
Native extension for Android target not found
Mono: successfully reloaded assembly
[Package Manager] Server::EnsureServerProcessIsRunning -- launch failed, reason: Unity was launched with the -noUpm command-line argument
[Package Manager] UpmClient::Send -- Unable to send message (not connected to UPM process).
[Package Manager] Cannot connect to Unity Package Manager local server
- Finished resetting the current domain, in  1.202 seconds
Domain Reload Profiling: 1671ms
	BeginReloadAssembly (150ms)
		ExecutionOrderSort (0ms)
		DisableScriptedObjects (9ms)
		BackupInstance (0ms)
		ReleaseScriptingObjects (0ms)
		CreateAndSetChildDomain (34ms)
	RebuildCommonClasses (39ms)
	RebuildNativeTypeToScriptingClass (12ms)
	initialDomainReloadingComplete (35ms)
	LoadAllAssembliesAndSetupDomain (233ms)
		LoadAssemblies (292ms)
		RebuildTransferFunctionScriptingTraits (0ms)
		AnalyzeDomain (14ms)
			TypeCache.Refresh (7ms)
				TypeCache.ScanAssembly (0ms)
			ScanForSourceGeneratedMonoScriptInfo (0ms)
			ResolveRequiredComponents (6ms)
	FinalizeReload (1202ms)
		ReleaseScriptCaches (0ms)
		RebuildScriptCaches (0ms)
		SetupLoadedEditorAssemblies (510ms)
			LogAssemblyErrors (0ms)
			InitializePlatformSupportModulesInManaged (23ms)
			SetLoadedEditorAssemblies (5ms)
			RefreshPlugins (0ms)
			BeforeProcessingInitializeOnLoad (89ms)
			ProcessInitializeOnLoadAttributes (355ms)
			ProcessInitializeOnLoadMethodAttributes (30ms)
			AfterProcessingInitializeOnLoad (9ms)
			EditorAssembliesLoaded (0ms)
		ExecutionOrderSort2 (0ms)
		AwakeInstancesAfterBackupRestoration (11ms)
Refreshing native plugins compatible for Editor in 11.86 ms, found 4 plugins.
Preloading 0 native plugins for Editor in 0.00 ms.
Unloading 4478 Unused Serialized files (Serialized files now loaded: 0)
Unloading 20 unused Assets / (112.0 KB). Loaded Objects now: 5089.
Memory consumption went from 153.4 MB to 153.3 MB.
Total: 4.072800 ms (FindLiveObjects: 0.372700 ms CreateObjectMapping: 0.126200 ms MarkObjects: 3.498000 ms  DeleteObjects: 0.074900 ms)

Prepare: number of updated asset objects reloaded= 0
AssetImportParameters requested are different than current active one (requested -> active):
  custom:container-demuxer-ogg: 62fdf1f143b41e24485cea50d1cbac27 -> 
  custom:video-codec-MediaFoundation-h265: 746d11721c4dcdbdad8f713fa42b33f4 -> 
  custom:video-decoder-ogg-theora: a1e56fd34408186e4bbccfd4996cb3dc -> 
  custom:framework-win-MediaFoundation: 216162199b28c13a410421893ffa2e32 -> 
  custom:CustomObjectIndexerAttribute: 9a22284fe3817be447336de3de66b15e -> 
  custom:container-demuxer-webm: 4f35f7cbe854078d1ac9338744f61a02 -> 
  custom:container-muxer-webm: aa71ff27fc2769a1b78a27578f13a17b -> 
  custom:video-decoder-webm-vp8: 9c59270c3fd7afecdb556c50c9e8de78 -> 
  custom:SearchIndexIgnoredProperties: e643bd26f0fe6173181afceb89e7c659 -> 
  custom:AudioImporter_EditorPlatform: d09bf68614088b80899f8185d706f6e7 -> 
  custom:video-encoder-webm-vp8: eb34c28f22e8b96e1ab97ce403110664 -> 
  custom:audio-decoder-ogg-vorbis: bf7c407c2cedff20999df2af8eb42d56 -> 
  custom:audio-encoder-webm-vorbis: bf7c407c2cedff20999df2af8eb42d56 -> 
========================================================================
Received Prepare
Caller must complete domain reload
0x00007ff74200da7d (Unity) StackWalker::GetCurrentCallstack
0x00007ff742012b59 (Unity) StackWalker::ShowCallstack
0x00007ff743000a11 (Unity) GetStacktrace
0x00007ff7436bba5e (Unity) DebugStringToFile
0x00007ff7436bb79a (Unity) AssertImplementation
0x00007ff742e9e99c (Unity) Internal_ADB_WorkerOnly_DomainReload
0x00007ff743385074 (Unity) WorkerDomainReloadV2
0x00007ff7433a6285 (Unity) <lambda_b37b41f03089e3cb3f55061bbc93253d>::operator()
0x00007ff7433e1a92 (Unity) asio::detail::completion_handler<core::mutable_function<void __cdecl(void)>,asio::io_context::basic_executor_type<std::allocator<void>,0> >::do_complete
0x00007ff7433cda3e (Unity) asio::detail::win_iocp_io_context::do_one
0x00007ff7433cf6a4 (Unity) asio::detail::win_iocp_io_context::run
0x00007ff7433dfe3c (Unity) IOService::Run
0x00007ff7433b32bf (Unity) AssetImportWorkerClient::Run
0x00007ff74337ec27 (Unity) RunAssetImportWorkerClientV2
0x00007ff74337ecab (Unity) RunAssetImporterV2
0x00007ff742b7867e (Unity) Application::InitializeProject
0x00007ff74300b6a5 (Unity) WinMain
0x00007ff7443bd35e (Unity) __scrt_common_main_seh
0x00007ffc72c6e8d7 (KERNEL32) BaseThreadInitThunk
0x00007ffc734bbf2c (ntdll) RtlUserThreadStart

Begin MonoManager ReloadAssembly
- Loaded All Assemblies, in  0.455 seconds
Native extension for WindowsStandalone target not found
Native extension for Android target not found
Mono: successfully reloaded assembly
[Package Manager] Server::EnsureServerProcessIsRunning -- launch failed, reason: Unity was launched with the -noUpm command-line argument
[Package Manager] UpmClient::Send -- Unable to send message (not connected to UPM process).
[Package Manager] Cannot connect to Unity Package Manager local server
- Finished resetting the current domain, in  1.123 seconds
Domain Reload Profiling: 1572ms
	BeginReloadAssembly (141ms)
		ExecutionOrderSort (0ms)
		DisableScriptedObjects (10ms)
		BackupInstance (0ms)
		ReleaseScriptingObjects (0ms)
		CreateAndSetChildDomain (30ms)
	RebuildCommonClasses (30ms)
	RebuildNativeTypeToScriptingClass (9ms)
	initialDomainReloadingComplete (31ms)
	LoadAllAssembliesAndSetupDomain (238ms)
		LoadAssemblies (293ms)
		RebuildTransferFunctionScriptingTraits (0ms)
		AnalyzeDomain (15ms)
			TypeCache.Refresh (8ms)
				TypeCache.ScanAssembly (0ms)
			ScanForSourceGeneratedMonoScriptInfo (0ms)
			ResolveRequiredComponents (6ms)
	FinalizeReload (1123ms)
		ReleaseScriptCaches (0ms)
		RebuildScriptCaches (0ms)
		SetupLoadedEditorAssemblies (434ms)
			LogAssemblyErrors (0ms)
			InitializePlatformSupportModulesInManaged (21ms)
			SetLoadedEditorAssemblies (3ms)
			RefreshPlugins (0ms)
			BeforeProcessingInitializeOnLoad (85ms)
			ProcessInitializeOnLoadAttributes (283ms)
			ProcessInitializeOnLoadMethodAttributes (30ms)
			AfterProcessingInitializeOnLoad (11ms)
			EditorAssembliesLoaded (0ms)
		ExecutionOrderSort2 (0ms)
		AwakeInstancesAfterBackupRestoration (12ms)
Refreshing native plugins compatible for Editor in 11.85 ms, found 4 plugins.
Preloading 0 native plugins for Editor in 0.00 ms.
Unloading 4478 Unused Serialized files (Serialized files now loaded: 0)
Unloading 20 unused Assets / (112.1 KB). Loaded Objects now: 5105.
Memory consumption went from 153.4 MB to 153.3 MB.
Total: 4.343200 ms (FindLiveObjects: 0.592500 ms CreateObjectMapping: 0.364700 ms MarkObjects: 3.303600 ms  DeleteObjects: 0.081300 ms)

Prepare: number of updated asset objects reloaded= 0
AssetImportParameters requested are different than current active one (requested -> active):
  custom:container-demuxer-ogg: 62fdf1f143b41e24485cea50d1cbac27 -> 
  custom:video-codec-MediaFoundation-h265: 746d11721c4dcdbdad8f713fa42b33f4 -> 
  custom:video-decoder-ogg-theora: a1e56fd34408186e4bbccfd4996cb3dc -> 
  custom:framework-win-MediaFoundation: 216162199b28c13a410421893ffa2e32 -> 
  custom:CustomObjectIndexerAttribute: 9a22284fe3817be447336de3de66b15e -> 
  custom:container-demuxer-webm: 4f35f7cbe854078d1ac9338744f61a02 -> 
  custom:container-muxer-webm: aa71ff27fc2769a1b78a27578f13a17b -> 
  custom:video-decoder-webm-vp8: 9c59270c3fd7afecdb556c50c9e8de78 -> 
  custom:SearchIndexIgnoredProperties: e643bd26f0fe6173181afceb89e7c659 -> 
  custom:AudioImporter_EditorPlatform: d09bf68614088b80899f8185d706f6e7 -> 
  custom:video-encoder-webm-vp8: eb34c28f22e8b96e1ab97ce403110664 -> 
  custom:audio-decoder-ogg-vorbis: bf7c407c2cedff20999df2af8eb42d56 -> 
  custom:audio-encoder-webm-vorbis: bf7c407c2cedff20999df2af8eb42d56 -> 
========================================================================
Received Import Request.
  Time since last request: 203002.002680 seconds.
  path: Assets/Scripts/Player/2D Character - Astronaut/Variant C/Sprites/Tilemap/Tilemap.png
  artifactKey: Guid(c0edff8422654805b67a770acde24962) Importer(815301076,1909f56bfc062723c751e8b465ee728b)
Start importing Assets/Scripts/Player/2D Character - Astronaut/Variant C/Sprites/Tilemap/Tilemap.png using Guid(c0edff8422654805b67a770acde24962) Importer(815301076,1909f56bfc062723c751e8b465ee728b) [PhysX] Initialized MultithreadedTaskDispatcher with 16 workers.
[PhysX] Initialized MultithreadedTaskDispatcher with 16 workers.
 -> (artifact id: '3a5d21c536b782bf45c0a4193d307295') in 0.307745 seconds
Number of updated asset objects reloaded before import = 0
Number of asset objects unloaded after import = 61
========================================================================
Received Import Request.
  Time since last request: 0.000027 seconds.
  path: Assets/Scripts/Player/2D Character - Astronaut/Variant E/Sprites/Tilemap/Tilemap.png
  artifactKey: Guid(022d1944b3ad44f5927c2811e258e6a0) Importer(815301076,1909f56bfc062723c751e8b465ee728b)
Start importing Assets/Scripts/Player/2D Character - Astronaut/Variant E/Sprites/Tilemap/Tilemap.png using Guid(022d1944b3ad44f5927c2811e258e6a0) Importer(815301076,1909f56bfc062723c751e8b465ee728b) [PhysX] Initialized MultithreadedTaskDispatcher with 16 workers.
[PhysX] Initialized MultithreadedTaskDispatcher with 16 workers.
 -> (artifact id: '989a7d84905675822fd6ff222587d414') in 0.173524 seconds
Number of updated asset objects reloaded before import = 0
Number of asset objects unloaded after import = 61
========================================================================
Received Prepare
Caller must complete domain reload
0x00007ff74200da7d (Unity) StackWalker::GetCurrentCallstack
0x00007ff742012b59 (Unity) StackWalker::ShowCallstack
0x00007ff743000a11 (Unity) GetStacktrace
0x00007ff7436bba5e (Unity) DebugStringToFile
0x00007ff7436bb79a (Unity) AssertImplementation
0x00007ff742e9e99c (Unity) Internal_ADB_WorkerOnly_DomainReload
0x00007ff743385074 (Unity) WorkerDomainReloadV2
0x00007ff7433a6285 (Unity) <lambda_b37b41f03089e3cb3f55061bbc93253d>::operator()
0x00007ff7433e1a92 (Unity) asio::detail::completion_handler<core::mutable_function<void __cdecl(void)>,asio::io_context::basic_executor_type<std::allocator<void>,0> >::do_complete
0x00007ff7433cda3e (Unity) asio::detail::win_iocp_io_context::do_one
0x00007ff7433cf6a4 (Unity) asio::detail::win_iocp_io_context::run
0x00007ff7433dfe3c (Unity) IOService::Run
0x00007ff7433b32bf (Unity) AssetImportWorkerClient::Run
0x00007ff74337ec27 (Unity) RunAssetImportWorkerClientV2
0x00007ff74337ecab (Unity) RunAssetImporterV2
0x00007ff742b7867e (Unity) Application::InitializeProject
0x00007ff74300b6a5 (Unity) WinMain
0x00007ff7443bd35e (Unity) __scrt_common_main_seh
0x00007ffc72c6e8d7 (KERNEL32) BaseThreadInitThunk
0x00007ffc734bbf2c (ntdll) RtlUserThreadStart

Begin MonoManager ReloadAssembly
- Loaded All Assemblies, in  0.479 seconds
Native extension for WindowsStandalone target not found
Native extension for Android target not found
Mono: successfully reloaded assembly
[Package Manager] Server::EnsureServerProcessIsRunning -- launch failed, reason: Unity was launched with the -noUpm command-line argument
[Package Manager] UpmClient::Send -- Unable to send message (not connected to UPM process).
[Package Manager] Cannot connect to Unity Package Manager local server
- Finished resetting the current domain, in  1.121 seconds
Domain Reload Profiling: 1595ms
	BeginReloadAssembly (148ms)
		ExecutionOrderSort (0ms)
		DisableScriptedObjects (9ms)
		BackupInstance (0ms)
		ReleaseScriptingObjects (0ms)
		CreateAndSetChildDomain (34ms)
	RebuildCommonClasses (32ms)
	RebuildNativeTypeToScriptingClass (9ms)
	initialDomainReloadingComplete (29ms)
	LoadAllAssembliesAndSetupDomain (255ms)
		LoadAssemblies (299ms)
		RebuildTransferFunctionScriptingTraits (0ms)
		AnalyzeDomain (31ms)
			TypeCache.Refresh (12ms)
				TypeCache.ScanAssembly (0ms)
			ScanForSourceGeneratedMonoScriptInfo (10ms)
			ResolveRequiredComponents (7ms)
	FinalizeReload (1122ms)
		ReleaseScriptCaches (0ms)
		RebuildScriptCaches (0ms)
		SetupLoadedEditorAssemblies (427ms)
			LogAssemblyErrors (0ms)
			InitializePlatformSupportModulesInManaged (24ms)
			SetLoadedEditorAssemblies (5ms)
			RefreshPlugins (0ms)
			BeforeProcessingInitializeOnLoad (83ms)
			ProcessInitializeOnLoadAttributes (276ms)
			ProcessInitializeOnLoadMethodAttributes (30ms)
			AfterProcessingInitializeOnLoad (10ms)
			EditorAssembliesLoaded (0ms)
		ExecutionOrderSort2 (0ms)
		AwakeInstancesAfterBackupRestoration (12ms)
Refreshing native plugins compatible for Editor in 9.26 ms, found 4 plugins.
Preloading 0 native plugins for Editor in 0.00 ms.
Unloading 4477 Unused Serialized files (Serialized files now loaded: 0)
Unloading 20 unused Assets / (112.0 KB). Loaded Objects now: 5127.
Memory consumption went from 157.5 MB to 157.4 MB.
Total: 4.458400 ms (FindLiveObjects: 0.499500 ms CreateObjectMapping: 0.170200 ms MarkObjects: 3.718400 ms  DeleteObjects: 0.069100 ms)

Prepare: number of updated asset objects reloaded= 0
AssetImportParameters requested are different than current active one (requested -> active):
  custom:container-demuxer-ogg: 62fdf1f143b41e24485cea50d1cbac27 -> 
  custom:video-codec-MediaFoundation-h265: 746d11721c4dcdbdad8f713fa42b33f4 -> 
  custom:video-decoder-ogg-theora: a1e56fd34408186e4bbccfd4996cb3dc -> 
  custom:framework-win-MediaFoundation: 216162199b28c13a410421893ffa2e32 -> 
  custom:CustomObjectIndexerAttribute: 9a22284fe3817be447336de3de66b15e -> 
  custom:container-demuxer-webm: 4f35f7cbe854078d1ac9338744f61a02 -> 
  custom:container-muxer-webm: aa71ff27fc2769a1b78a27578f13a17b -> 
  custom:video-decoder-webm-vp8: 9c59270c3fd7afecdb556c50c9e8de78 -> 
  custom:SearchIndexIgnoredProperties: e643bd26f0fe6173181afceb89e7c659 -> 
  custom:AudioImporter_EditorPlatform: d09bf68614088b80899f8185d706f6e7 -> 
  custom:video-encoder-webm-vp8: eb34c28f22e8b96e1ab97ce403110664 -> 
  custom:audio-decoder-ogg-vorbis: bf7c407c2cedff20999df2af8eb42d56 -> 
  custom:audio-encoder-webm-vorbis: bf7c407c2cedff20999df2af8eb42d56 -> 
========================================================================
Received Prepare
Caller must complete domain reload
0x00007ff74200da7d (Unity) StackWalker::GetCurrentCallstack
0x00007ff742012b59 (Unity) StackWalker::ShowCallstack
0x00007ff743000a11 (Unity) GetStacktrace
0x00007ff7436bba5e (Unity) DebugStringToFile
0x00007ff7436bb79a (Unity) AssertImplementation
0x00007ff742e9e99c (Unity) Internal_ADB_WorkerOnly_DomainReload
0x00007ff743385074 (Unity) WorkerDomainReloadV2
0x00007ff7433a6285 (Unity) <lambda_b37b41f03089e3cb3f55061bbc93253d>::operator()
0x00007ff7433e1a92 (Unity) asio::detail::completion_handler<core::mutable_function<void __cdecl(void)>,asio::io_context::basic_executor_type<std::allocator<void>,0> >::do_complete
0x00007ff7433cda3e (Unity) asio::detail::win_iocp_io_context::do_one
0x00007ff7433cf6a4 (Unity) asio::detail::win_iocp_io_context::run
0x00007ff7433dfe3c (Unity) IOService::Run
0x00007ff7433b32bf (Unity) AssetImportWorkerClient::Run
0x00007ff74337ec27 (Unity) RunAssetImportWorkerClientV2
0x00007ff74337ecab (Unity) RunAssetImporterV2
0x00007ff742b7867e (Unity) Application::InitializeProject
0x00007ff74300b6a5 (Unity) WinMain
0x00007ff7443bd35e (Unity) __scrt_common_main_seh
0x00007ffc72c6e8d7 (KERNEL32) BaseThreadInitThunk
0x00007ffc734bbf2c (ntdll) RtlUserThreadStart

Begin MonoManager ReloadAssembly
- Loaded All Assemblies, in  0.497 seconds
Native extension for WindowsStandalone target not found
Native extension for Android target not found
Mono: successfully reloaded assembly
[Package Manager] Server::EnsureServerProcessIsRunning -- launch failed, reason: Unity was launched with the -noUpm command-line argument
[Package Manager] UpmClient::Send -- Unable to send message (not connected to UPM process).
[Package Manager] Cannot connect to Unity Package Manager local server
- Finished resetting the current domain, in  1.185 seconds
Domain Reload Profiling: 1673ms
	BeginReloadAssembly (150ms)
		ExecutionOrderSort (0ms)
		DisableScriptedObjects (9ms)
		BackupInstance (0ms)
		ReleaseScriptingObjects (0ms)
		CreateAndSetChildDomain (33ms)
	RebuildCommonClasses (35ms)
	RebuildNativeTypeToScriptingClass (10ms)
	initialDomainReloadingComplete (37ms)
	LoadAllAssembliesAndSetupDomain (257ms)
		LoadAssemblies (316ms)
		RebuildTransferFunctionScriptingTraits (0ms)
		AnalyzeDomain (18ms)
			TypeCache.Refresh (9ms)
				TypeCache.ScanAssembly (0ms)
			ScanForSourceGeneratedMonoScriptInfo (0ms)
			ResolveRequiredComponents (7ms)
	FinalizeReload (1185ms)
		ReleaseScriptCaches (0ms)
		RebuildScriptCaches (0ms)
		SetupLoadedEditorAssemblies (464ms)
			LogAssemblyErrors (0ms)
			InitializePlatformSupportModulesInManaged (20ms)
			SetLoadedEditorAssemblies (3ms)
			RefreshPlugins (0ms)
			BeforeProcessingInitializeOnLoad (90ms)
			ProcessInitializeOnLoadAttributes (308ms)
			ProcessInitializeOnLoadMethodAttributes (30ms)
			AfterProcessingInitializeOnLoad (11ms)
			EditorAssembliesLoaded (0ms)
		ExecutionOrderSort2 (0ms)
		AwakeInstancesAfterBackupRestoration (16ms)
Refreshing native plugins compatible for Editor in 11.10 ms, found 4 plugins.
Preloading 0 native plugins for Editor in 0.00 ms.
Unloading 4478 Unused Serialized files (Serialized files now loaded: 0)
Unloading 20 unused Assets / (112.1 KB). Loaded Objects now: 5143.
Memory consumption went from 157.8 MB to 157.7 MB.
Total: 4.611300 ms (FindLiveObjects: 0.471700 ms CreateObjectMapping: 0.242300 ms MarkObjects: 3.829400 ms  DeleteObjects: 0.066700 ms)

Prepare: number of updated asset objects reloaded= 0
AssetImportParameters requested are different than current active one (requested -> active):
  custom:container-demuxer-ogg: 62fdf1f143b41e24485cea50d1cbac27 -> 
  custom:video-codec-MediaFoundation-h265: 746d11721c4dcdbdad8f713fa42b33f4 -> 
  custom:video-decoder-ogg-theora: a1e56fd34408186e4bbccfd4996cb3dc -> 
  custom:framework-win-MediaFoundation: 216162199b28c13a410421893ffa2e32 -> 
  custom:CustomObjectIndexerAttribute: 9a22284fe3817be447336de3de66b15e -> 
  custom:container-demuxer-webm: 4f35f7cbe854078d1ac9338744f61a02 -> 
  custom:container-muxer-webm: aa71ff27fc2769a1b78a27578f13a17b -> 
  custom:video-decoder-webm-vp8: 9c59270c3fd7afecdb556c50c9e8de78 -> 
  custom:SearchIndexIgnoredProperties: e643bd26f0fe6173181afceb89e7c659 -> 
  custom:AudioImporter_EditorPlatform: d09bf68614088b80899f8185d706f6e7 -> 
  custom:video-encoder-webm-vp8: eb34c28f22e8b96e1ab97ce403110664 -> 
  custom:audio-decoder-ogg-vorbis: bf7c407c2cedff20999df2af8eb42d56 -> 
  custom:audio-encoder-webm-vorbis: bf7c407c2cedff20999df2af8eb42d56 -> 
========================================================================
Received Prepare
Caller must complete domain reload
0x00007ff74200da7d (Unity) StackWalker::GetCurrentCallstack
0x00007ff742012b59 (Unity) StackWalker::ShowCallstack
0x00007ff743000a11 (Unity) GetStacktrace
0x00007ff7436bba5e (Unity) DebugStringToFile
0x00007ff7436bb79a (Unity) AssertImplementation
0x00007ff742e9e99c (Unity) Internal_ADB_WorkerOnly_DomainReload
0x00007ff743385074 (Unity) WorkerDomainReloadV2
0x00007ff7433a6285 (Unity) <lambda_b37b41f03089e3cb3f55061bbc93253d>::operator()
0x00007ff7433e1a92 (Unity) asio::detail::completion_handler<core::mutable_function<void __cdecl(void)>,asio::io_context::basic_executor_type<std::allocator<void>,0> >::do_complete
0x00007ff7433cda3e (Unity) asio::detail::win_iocp_io_context::do_one
0x00007ff7433cf6a4 (Unity) asio::detail::win_iocp_io_context::run
0x00007ff7433dfe3c (Unity) IOService::Run
0x00007ff7433b32bf (Unity) AssetImportWorkerClient::Run
0x00007ff74337ec27 (Unity) RunAssetImportWorkerClientV2
0x00007ff74337ecab (Unity) RunAssetImporterV2
0x00007ff742b7867e (Unity) Application::InitializeProject
0x00007ff74300b6a5 (Unity) WinMain
0x00007ff7443bd35e (Unity) __scrt_common_main_seh
0x00007ffc72c6e8d7 (KERNEL32) BaseThreadInitThunk
0x00007ffc734bbf2c (ntdll) RtlUserThreadStart

Begin MonoManager ReloadAssembly
- Loaded All Assemblies, in  0.452 seconds
Native extension for WindowsStandalone target not found
Native extension for Android target not found
Mono: successfully reloaded assembly
[Package Manager] Server::EnsureServerProcessIsRunning -- launch failed, reason: Unity was launched with the -noUpm command-line argument
[Package Manager] UpmClient::Send -- Unable to send message (not connected to UPM process).
[Package Manager] Cannot connect to Unity Package Manager local server
- Finished resetting the current domain, in  1.132 seconds
Domain Reload Profiling: 1578ms
	BeginReloadAssembly (141ms)
		ExecutionOrderSort (0ms)
		DisableScriptedObjects (9ms)
		BackupInstance (0ms)
		ReleaseScriptingObjects (0ms)
		CreateAndSetChildDomain (32ms)
	RebuildCommonClasses (29ms)
	RebuildNativeTypeToScriptingClass (11ms)
	initialDomainReloadingComplete (36ms)
	LoadAllAssembliesAndSetupDomain (228ms)
		LoadAssemblies (282ms)
		RebuildTransferFunctionScriptingTraits (0ms)
		AnalyzeDomain (16ms)
			TypeCache.Refresh (8ms)
				TypeCache.ScanAssembly (0ms)
			ScanForSourceGeneratedMonoScriptInfo (0ms)
			ResolveRequiredComponents (6ms)
	FinalizeReload (1132ms)
		ReleaseScriptCaches (0ms)
		RebuildScriptCaches (0ms)
		SetupLoadedEditorAssemblies (437ms)
			LogAssemblyErrors (0ms)
			InitializePlatformSupportModulesInManaged (20ms)
			SetLoadedEditorAssemblies (4ms)
			RefreshPlugins (0ms)
			BeforeProcessingInitializeOnLoad (87ms)
			ProcessInitializeOnLoadAttributes (283ms)
			ProcessInitializeOnLoadMethodAttributes (33ms)
			AfterProcessingInitializeOnLoad (10ms)
			EditorAssembliesLoaded (0ms)
		ExecutionOrderSort2 (0ms)
		AwakeInstancesAfterBackupRestoration (12ms)
Refreshing native plugins compatible for Editor in 12.42 ms, found 4 plugins.
Preloading 0 native plugins for Editor in 0.00 ms.
Unloading 4478 Unused Serialized files (Serialized files now loaded: 0)
Unloading 20 unused Assets / (112.1 KB). Loaded Objects now: 5159.
Memory consumption went from 157.8 MB to 157.7 MB.
Total: 3.806400 ms (FindLiveObjects: 0.354600 ms CreateObjectMapping: 0.162900 ms MarkObjects: 3.184500 ms  DeleteObjects: 0.103300 ms)

Prepare: number of updated asset objects reloaded= 0
AssetImportParameters requested are different than current active one (requested -> active):
  custom:container-demuxer-ogg: 62fdf1f143b41e24485cea50d1cbac27 -> 
  custom:video-codec-MediaFoundation-h265: 746d11721c4dcdbdad8f713fa42b33f4 -> 
  custom:video-decoder-ogg-theora: a1e56fd34408186e4bbccfd4996cb3dc -> 
  custom:framework-win-MediaFoundation: 216162199b28c13a410421893ffa2e32 -> 
  custom:CustomObjectIndexerAttribute: 9a22284fe3817be447336de3de66b15e -> 
  custom:container-demuxer-webm: 4f35f7cbe854078d1ac9338744f61a02 -> 
  custom:container-muxer-webm: aa71ff27fc2769a1b78a27578f13a17b -> 
  custom:video-decoder-webm-vp8: 9c59270c3fd7afecdb556c50c9e8de78 -> 
  custom:SearchIndexIgnoredProperties: e643bd26f0fe6173181afceb89e7c659 -> 
  custom:AudioImporter_EditorPlatform: d09bf68614088b80899f8185d706f6e7 -> 
  custom:video-encoder-webm-vp8: eb34c28f22e8b96e1ab97ce403110664 -> 
  custom:audio-decoder-ogg-vorbis: bf7c407c2cedff20999df2af8eb42d56 -> 
  custom:audio-encoder-webm-vorbis: bf7c407c2cedff20999df2af8eb42d56 -> 
========================================================================
Received Prepare
Caller must complete domain reload
0x00007ff74200da7d (Unity) StackWalker::GetCurrentCallstack
0x00007ff742012b59 (Unity) StackWalker::ShowCallstack
0x00007ff743000a11 (Unity) GetStacktrace
0x00007ff7436bba5e (Unity) DebugStringToFile
0x00007ff7436bb79a (Unity) AssertImplementation
0x00007ff742e9e99c (Unity) Internal_ADB_WorkerOnly_DomainReload
0x00007ff743385074 (Unity) WorkerDomainReloadV2
0x00007ff7433a6285 (Unity) <lambda_b37b41f03089e3cb3f55061bbc93253d>::operator()
0x00007ff7433e1a92 (Unity) asio::detail::completion_handler<core::mutable_function<void __cdecl(void)>,asio::io_context::basic_executor_type<std::allocator<void>,0> >::do_complete
0x00007ff7433cda3e (Unity) asio::detail::win_iocp_io_context::do_one
0x00007ff7433cf6a4 (Unity) asio::detail::win_iocp_io_context::run
0x00007ff7433dfe3c (Unity) IOService::Run
0x00007ff7433b32bf (Unity) AssetImportWorkerClient::Run
0x00007ff74337ec27 (Unity) RunAssetImportWorkerClientV2
0x00007ff74337ecab (Unity) RunAssetImporterV2
0x00007ff742b7867e (Unity) Application::InitializeProject
0x00007ff74300b6a5 (Unity) WinMain
0x00007ff7443bd35e (Unity) __scrt_common_main_seh
0x00007ffc72c6e8d7 (KERNEL32) BaseThreadInitThunk
0x00007ffc734bbf2c (ntdll) RtlUserThreadStart

Begin MonoManager ReloadAssembly
- Loaded All Assemblies, in  0.465 seconds
Native extension for WindowsStandalone target not found
Native extension for Android target not found
Mono: successfully reloaded assembly
[Package Manager] Server::EnsureServerProcessIsRunning -- launch failed, reason: Unity was launched with the -noUpm command-line argument
[Package Manager] UpmClient::Send -- Unable to send message (not connected to UPM process).
[Package Manager] Cannot connect to Unity Package Manager local server
- Finished resetting the current domain, in  1.434 seconds
Domain Reload Profiling: 1893ms
	BeginReloadAssembly (151ms)
		ExecutionOrderSort (0ms)
		DisableScriptedObjects (9ms)
		BackupInstance (0ms)
		ReleaseScriptingObjects (0ms)
		CreateAndSetChildDomain (35ms)
	RebuildCommonClasses (31ms)
	RebuildNativeTypeToScriptingClass (9ms)
	initialDomainReloadingComplete (30ms)
	LoadAllAssembliesAndSetupDomain (237ms)
		LoadAssemblies (293ms)
		RebuildTransferFunctionScriptingTraits (0ms)
		AnalyzeDomain (16ms)
			TypeCache.Refresh (8ms)
				TypeCache.ScanAssembly (0ms)
			ScanForSourceGeneratedMonoScriptInfo (0ms)
			ResolveRequiredComponents (6ms)
	FinalizeReload (1435ms)
		ReleaseScriptCaches (0ms)
		RebuildScriptCaches (0ms)
		SetupLoadedEditorAssemblies (675ms)
			LogAssemblyErrors (0ms)
			InitializePlatformSupportModulesInManaged (29ms)
			SetLoadedEditorAssemblies (4ms)
			RefreshPlugins (0ms)
			BeforeProcessingInitializeOnLoad (123ms)
			ProcessInitializeOnLoadAttributes (454ms)
			ProcessInitializeOnLoadMethodAttributes (49ms)
			AfterProcessingInitializeOnLoad (16ms)
			EditorAssembliesLoaded (1ms)
		ExecutionOrderSort2 (0ms)
		AwakeInstancesAfterBackupRestoration (21ms)
Refreshing native plugins compatible for Editor in 12.21 ms, found 4 plugins.
Preloading 0 native plugins for Editor in 0.00 ms.
Unloading 4478 Unused Serialized files (Serialized files now loaded: 0)
Unloading 20 unused Assets / (112.1 KB). Loaded Objects now: 5175.
Memory consumption went from 157.8 MB to 157.7 MB.
Total: 3.785300 ms (FindLiveObjects: 0.475100 ms CreateObjectMapping: 0.201700 ms MarkObjects: 2.816200 ms  DeleteObjects: 0.291300 ms)

Prepare: number of updated asset objects reloaded= 0
AssetImportParameters requested are different than current active one (requested -> active):
  custom:container-demuxer-ogg: 62fdf1f143b41e24485cea50d1cbac27 -> 
  custom:video-codec-MediaFoundation-h265: 746d11721c4dcdbdad8f713fa42b33f4 -> 
  custom:video-decoder-ogg-theora: a1e56fd34408186e4bbccfd4996cb3dc -> 
  custom:framework-win-MediaFoundation: 216162199b28c13a410421893ffa2e32 -> 
  custom:CustomObjectIndexerAttribute: 9a22284fe3817be447336de3de66b15e -> 
  custom:container-demuxer-webm: 4f35f7cbe854078d1ac9338744f61a02 -> 
  custom:container-muxer-webm: aa71ff27fc2769a1b78a27578f13a17b -> 
  custom:video-decoder-webm-vp8: 9c59270c3fd7afecdb556c50c9e8de78 -> 
  custom:SearchIndexIgnoredProperties: e643bd26f0fe6173181afceb89e7c659 -> 
  custom:AudioImporter_EditorPlatform: d09bf68614088b80899f8185d706f6e7 -> 
  custom:video-encoder-webm-vp8: eb34c28f22e8b96e1ab97ce403110664 -> 
  custom:audio-decoder-ogg-vorbis: bf7c407c2cedff20999df2af8eb42d56 -> 
  custom:audio-encoder-webm-vorbis: bf7c407c2cedff20999df2af8eb42d56 -> 
========================================================================
Received Prepare
Caller must complete domain reload
0x00007ff74200da7d (Unity) StackWalker::GetCurrentCallstack
0x00007ff742012b59 (Unity) StackWalker::ShowCallstack
0x00007ff743000a11 (Unity) GetStacktrace
0x00007ff7436bba5e (Unity) DebugStringToFile
0x00007ff7436bb79a (Unity) AssertImplementation
0x00007ff742e9e99c (Unity) Internal_ADB_WorkerOnly_DomainReload
0x00007ff743385074 (Unity) WorkerDomainReloadV2
0x00007ff7433a6285 (Unity) <lambda_b37b41f03089e3cb3f55061bbc93253d>::operator()
0x00007ff7433e1a92 (Unity) asio::detail::completion_handler<core::mutable_function<void __cdecl(void)>,asio::io_context::basic_executor_type<std::allocator<void>,0> >::do_complete
0x00007ff7433cda3e (Unity) asio::detail::win_iocp_io_context::do_one
0x00007ff7433cf6a4 (Unity) asio::detail::win_iocp_io_context::run
0x00007ff7433dfe3c (Unity) IOService::Run
0x00007ff7433b32bf (Unity) AssetImportWorkerClient::Run
0x00007ff74337ec27 (Unity) RunAssetImportWorkerClientV2
0x00007ff74337ecab (Unity) RunAssetImporterV2
0x00007ff742b7867e (Unity) Application::InitializeProject
0x00007ff74300b6a5 (Unity) WinMain
0x00007ff7443bd35e (Unity) __scrt_common_main_seh
0x00007ffc72c6e8d7 (KERNEL32) BaseThreadInitThunk
0x00007ffc734bbf2c (ntdll) RtlUserThreadStart

Begin MonoManager ReloadAssembly
- Loaded All Assemblies, in  0.557 seconds
Native extension for WindowsStandalone target not found
Native extension for Android target not found
Mono: successfully reloaded assembly
[Package Manager] Server::EnsureServerProcessIsRunning -- launch failed, reason: Unity was launched with the -noUpm command-line argument
[Package Manager] UpmClient::Send -- Unable to send message (not connected to UPM process).
[Package Manager] Cannot connect to Unity Package Manager local server
- Finished resetting the current domain, in  1.220 seconds
Domain Reload Profiling: 1771ms
	BeginReloadAssembly (180ms)
		ExecutionOrderSort (0ms)
		DisableScriptedObjects (9ms)
		BackupInstance (0ms)
		ReleaseScriptingObjects (0ms)
		CreateAndSetChildDomain (37ms)
	RebuildCommonClasses (35ms)
	RebuildNativeTypeToScriptingClass (11ms)
	initialDomainReloadingComplete (41ms)
	LoadAllAssembliesAndSetupDomain (283ms)
		LoadAssemblies (360ms)
		RebuildTransferFunctionScriptingTraits (0ms)
		AnalyzeDomain (18ms)
			TypeCache.Refresh (7ms)
				TypeCache.ScanAssembly (0ms)
			ScanForSourceGeneratedMonoScriptInfo (0ms)
			ResolveRequiredComponents (9ms)
	FinalizeReload (1221ms)
		ReleaseScriptCaches (0ms)
		RebuildScriptCaches (0ms)
		SetupLoadedEditorAssemblies (465ms)
			LogAssemblyErrors (0ms)
			InitializePlatformSupportModulesInManaged (21ms)
			SetLoadedEditorAssemblies (3ms)
			RefreshPlugins (0ms)
			BeforeProcessingInitializeOnLoad (90ms)
			ProcessInitializeOnLoadAttributes (296ms)
			ProcessInitializeOnLoadMethodAttributes (42ms)
			AfterProcessingInitializeOnLoad (13ms)
			EditorAssembliesLoaded (0ms)
		ExecutionOrderSort2 (0ms)
		AwakeInstancesAfterBackupRestoration (15ms)
Refreshing native plugins compatible for Editor in 12.37 ms, found 4 plugins.
Preloading 0 native plugins for Editor in 0.00 ms.
Unloading 4478 Unused Serialized files (Serialized files now loaded: 0)
Unloading 20 unused Assets / (112.2 KB). Loaded Objects now: 5191.
Memory consumption went from 157.9 MB to 157.8 MB.
Total: 3.561500 ms (FindLiveObjects: 0.318800 ms CreateObjectMapping: 0.124700 ms MarkObjects: 3.041800 ms  DeleteObjects: 0.074600 ms)

Prepare: number of updated asset objects reloaded= 0
AssetImportParameters requested are different than current active one (requested -> active):
  custom:container-demuxer-ogg: 62fdf1f143b41e24485cea50d1cbac27 -> 
  custom:video-codec-MediaFoundation-h265: 746d11721c4dcdbdad8f713fa42b33f4 -> 
  custom:video-decoder-ogg-theora: a1e56fd34408186e4bbccfd4996cb3dc -> 
  custom:framework-win-MediaFoundation: 216162199b28c13a410421893ffa2e32 -> 
  custom:CustomObjectIndexerAttribute: 9a22284fe3817be447336de3de66b15e -> 
  custom:container-demuxer-webm: 4f35f7cbe854078d1ac9338744f61a02 -> 
  custom:container-muxer-webm: aa71ff27fc2769a1b78a27578f13a17b -> 
  custom:video-decoder-webm-vp8: 9c59270c3fd7afecdb556c50c9e8de78 -> 
  custom:SearchIndexIgnoredProperties: e643bd26f0fe6173181afceb89e7c659 -> 
  custom:AudioImporter_EditorPlatform: d09bf68614088b80899f8185d706f6e7 -> 
  custom:video-encoder-webm-vp8: eb34c28f22e8b96e1ab97ce403110664 -> 
  custom:audio-decoder-ogg-vorbis: bf7c407c2cedff20999df2af8eb42d56 -> 
  custom:audio-encoder-webm-vorbis: bf7c407c2cedff20999df2af8eb42d56 -> 
========================================================================
Received Prepare
Caller must complete domain reload
0x00007ff74200da7d (Unity) StackWalker::GetCurrentCallstack
0x00007ff742012b59 (Unity) StackWalker::ShowCallstack
0x00007ff743000a11 (Unity) GetStacktrace
0x00007ff7436bba5e (Unity) DebugStringToFile
0x00007ff7436bb79a (Unity) AssertImplementation
0x00007ff742e9e99c (Unity) Internal_ADB_WorkerOnly_DomainReload
0x00007ff743385074 (Unity) WorkerDomainReloadV2
0x00007ff7433a6285 (Unity) <lambda_b37b41f03089e3cb3f55061bbc93253d>::operator()
0x00007ff7433e1a92 (Unity) asio::detail::completion_handler<core::mutable_function<void __cdecl(void)>,asio::io_context::basic_executor_type<std::allocator<void>,0> >::do_complete
0x00007ff7433cda3e (Unity) asio::detail::win_iocp_io_context::do_one
0x00007ff7433cf6a4 (Unity) asio::detail::win_iocp_io_context::run
0x00007ff7433dfe3c (Unity) IOService::Run
0x00007ff7433b32bf (Unity) AssetImportWorkerClient::Run
0x00007ff74337ec27 (Unity) RunAssetImportWorkerClientV2
0x00007ff74337ecab (Unity) RunAssetImporterV2
0x00007ff742b7867e (Unity) Application::InitializeProject
0x00007ff74300b6a5 (Unity) WinMain
0x00007ff7443bd35e (Unity) __scrt_common_main_seh
0x00007ffc72c6e8d7 (KERNEL32) BaseThreadInitThunk
0x00007ffc734bbf2c (ntdll) RtlUserThreadStart

Begin MonoManager ReloadAssembly
- Loaded All Assemblies, in  0.462 seconds
Native extension for WindowsStandalone target not found
Native extension for Android target not found
Mono: successfully reloaded assembly
[Package Manager] Server::EnsureServerProcessIsRunning -- launch failed, reason: Unity was launched with the -noUpm command-line argument
[Package Manager] UpmClient::Send -- Unable to send message (not connected to UPM process).
[Package Manager] Cannot connect to Unity Package Manager local server
- Finished resetting the current domain, in  1.035 seconds
Domain Reload Profiling: 1492ms
	BeginReloadAssembly (150ms)
		ExecutionOrderSort (0ms)
		DisableScriptedObjects (9ms)
		BackupInstance (0ms)
		ReleaseScriptingObjects (0ms)
		CreateAndSetChildDomain (37ms)
	RebuildCommonClasses (29ms)
	RebuildNativeTypeToScriptingClass (9ms)
	initialDomainReloadingComplete (30ms)
	LoadAllAssembliesAndSetupDomain (238ms)
		LoadAssemblies (285ms)
		RebuildTransferFunctionScriptingTraits (0ms)
		AnalyzeDomain (26ms)
			TypeCache.Refresh (9ms)
				TypeCache.ScanAssembly (0ms)
			ScanForSourceGeneratedMonoScriptInfo (9ms)
			ResolveRequiredComponents (6ms)
	FinalizeReload (1035ms)
		ReleaseScriptCaches (0ms)
		RebuildScriptCaches (0ms)
		SetupLoadedEditorAssemblies (414ms)
			LogAssemblyErrors (0ms)
			InitializePlatformSupportModulesInManaged (20ms)
			SetLoadedEditorAssemblies (5ms)
			RefreshPlugins (0ms)
			BeforeProcessingInitializeOnLoad (79ms)
			ProcessInitializeOnLoadAttributes (273ms)
			ProcessInitializeOnLoadMethodAttributes (27ms)
			AfterProcessingInitializeOnLoad (10ms)
			EditorAssembliesLoaded (0ms)
		ExecutionOrderSort2 (0ms)
		AwakeInstancesAfterBackupRestoration (12ms)
Refreshing native plugins compatible for Editor in 9.18 ms, found 4 plugins.
Preloading 0 native plugins for Editor in 0.00 ms.
Unloading 4478 Unused Serialized files (Serialized files now loaded: 0)
Unloading 20 unused Assets / (112.2 KB). Loaded Objects now: 5207.
Memory consumption went from 157.9 MB to 157.8 MB.
Total: 3.578200 ms (FindLiveObjects: 0.313500 ms CreateObjectMapping: 0.120600 ms MarkObjects: 3.074300 ms  DeleteObjects: 0.068600 ms)

Prepare: number of updated asset objects reloaded= 0
AssetImportParameters requested are different than current active one (requested -> active):
  custom:container-demuxer-ogg: 62fdf1f143b41e24485cea50d1cbac27 -> 
  custom:video-codec-MediaFoundation-h265: 746d11721c4dcdbdad8f713fa42b33f4 -> 
  custom:video-decoder-ogg-theora: a1e56fd34408186e4bbccfd4996cb3dc -> 
  custom:framework-win-MediaFoundation: 216162199b28c13a410421893ffa2e32 -> 
  custom:CustomObjectIndexerAttribute: 9a22284fe3817be447336de3de66b15e -> 
  custom:container-demuxer-webm: 4f35f7cbe854078d1ac9338744f61a02 -> 
  custom:container-muxer-webm: aa71ff27fc2769a1b78a27578f13a17b -> 
  custom:video-decoder-webm-vp8: 9c59270c3fd7afecdb556c50c9e8de78 -> 
  custom:SearchIndexIgnoredProperties: e643bd26f0fe6173181afceb89e7c659 -> 
  custom:AudioImporter_EditorPlatform: d09bf68614088b80899f8185d706f6e7 -> 
  custom:video-encoder-webm-vp8: eb34c28f22e8b96e1ab97ce403110664 -> 
  custom:audio-decoder-ogg-vorbis: bf7c407c2cedff20999df2af8eb42d56 -> 
  custom:audio-encoder-webm-vorbis: bf7c407c2cedff20999df2af8eb42d56 -> 
========================================================================
Received Prepare
Caller must complete domain reload
0x00007ff74200da7d (Unity) StackWalker::GetCurrentCallstack
0x00007ff742012b59 (Unity) StackWalker::ShowCallstack
0x00007ff743000a11 (Unity) GetStacktrace
0x00007ff7436bba5e (Unity) DebugStringToFile
0x00007ff7436bb79a (Unity) AssertImplementation
0x00007ff742e9e99c (Unity) Internal_ADB_WorkerOnly_DomainReload
0x00007ff743385074 (Unity) WorkerDomainReloadV2
0x00007ff7433a6285 (Unity) <lambda_b37b41f03089e3cb3f55061bbc93253d>::operator()
0x00007ff7433e1a92 (Unity) asio::detail::completion_handler<core::mutable_function<void __cdecl(void)>,asio::io_context::basic_executor_type<std::allocator<void>,0> >::do_complete
0x00007ff7433cda3e (Unity) asio::detail::win_iocp_io_context::do_one
0x00007ff7433cf6a4 (Unity) asio::detail::win_iocp_io_context::run
0x00007ff7433dfe3c (Unity) IOService::Run
0x00007ff7433b32bf (Unity) AssetImportWorkerClient::Run
0x00007ff74337ec27 (Unity) RunAssetImportWorkerClientV2
0x00007ff74337ecab (Unity) RunAssetImporterV2
0x00007ff742b7867e (Unity) Application::InitializeProject
0x00007ff74300b6a5 (Unity) WinMain
0x00007ff7443bd35e (Unity) __scrt_common_main_seh
0x00007ffc72c6e8d7 (KERNEL32) BaseThreadInitThunk
0x00007ffc734bbf2c (ntdll) RtlUserThreadStart

Begin MonoManager ReloadAssembly
- Loaded All Assemblies, in  0.454 seconds
Native extension for WindowsStandalone target not found
Native extension for Android target not found
Mono: successfully reloaded assembly
[Package Manager] Server::EnsureServerProcessIsRunning -- launch failed, reason: Unity was launched with the -noUpm command-line argument
[Package Manager] UpmClient::Send -- Unable to send message (not connected to UPM process).
[Package Manager] Cannot connect to Unity Package Manager local server
- Finished resetting the current domain, in  1.140 seconds
Domain Reload Profiling: 1588ms
	BeginReloadAssembly (136ms)
		ExecutionOrderSort (0ms)
		DisableScriptedObjects (10ms)
		BackupInstance (0ms)
		ReleaseScriptingObjects (0ms)
		CreateAndSetChildDomain (30ms)
	RebuildCommonClasses (28ms)
	RebuildNativeTypeToScriptingClass (9ms)
	initialDomainReloadingComplete (29ms)
	LoadAllAssembliesAndSetupDomain (245ms)
		LoadAssemblies (297ms)
		RebuildTransferFunctionScriptingTraits (0ms)
		AnalyzeDomain (16ms)
			TypeCache.Refresh (8ms)
				TypeCache.ScanAssembly (0ms)
			ScanForSourceGeneratedMonoScriptInfo (0ms)
			ResolveRequiredComponents (6ms)
	FinalizeReload (1141ms)
		ReleaseScriptCaches (0ms)
		RebuildScriptCaches (0ms)
		SetupLoadedEditorAssemblies (449ms)
			LogAssemblyErrors (0ms)
			InitializePlatformSupportModulesInManaged (21ms)
			SetLoadedEditorAssemblies (4ms)
			RefreshPlugins (0ms)
			BeforeProcessingInitializeOnLoad (79ms)
			ProcessInitializeOnLoadAttributes (300ms)
			ProcessInitializeOnLoadMethodAttributes (33ms)
			AfterProcessingInitializeOnLoad (11ms)
			EditorAssembliesLoaded (0ms)
		ExecutionOrderSort2 (0ms)
		AwakeInstancesAfterBackupRestoration (15ms)
Refreshing native plugins compatible for Editor in 11.99 ms, found 4 plugins.
Preloading 0 native plugins for Editor in 0.00 ms.
Unloading 4478 Unused Serialized files (Serialized files now loaded: 0)
Unloading 20 unused Assets / (112.1 KB). Loaded Objects now: 5223.
Memory consumption went from 157.9 MB to 157.8 MB.
Total: 4.022700 ms (FindLiveObjects: 0.430000 ms CreateObjectMapping: 0.170200 ms MarkObjects: 3.309000 ms  DeleteObjects: 0.112100 ms)

Prepare: number of updated asset objects reloaded= 0
AssetImportParameters requested are different than current active one (requested -> active):
  custom:container-demuxer-ogg: 62fdf1f143b41e24485cea50d1cbac27 -> 
  custom:video-codec-MediaFoundation-h265: 746d11721c4dcdbdad8f713fa42b33f4 -> 
  custom:video-decoder-ogg-theora: a1e56fd34408186e4bbccfd4996cb3dc -> 
  custom:framework-win-MediaFoundation: 216162199b28c13a410421893ffa2e32 -> 
  custom:CustomObjectIndexerAttribute: 9a22284fe3817be447336de3de66b15e -> 
  custom:container-demuxer-webm: 4f35f7cbe854078d1ac9338744f61a02 -> 
  custom:container-muxer-webm: aa71ff27fc2769a1b78a27578f13a17b -> 
  custom:video-decoder-webm-vp8: 9c59270c3fd7afecdb556c50c9e8de78 -> 
  custom:SearchIndexIgnoredProperties: e643bd26f0fe6173181afceb89e7c659 -> 
  custom:AudioImporter_EditorPlatform: d09bf68614088b80899f8185d706f6e7 -> 
  custom:video-encoder-webm-vp8: eb34c28f22e8b96e1ab97ce403110664 -> 
  custom:audio-decoder-ogg-vorbis: bf7c407c2cedff20999df2af8eb42d56 -> 
  custom:audio-encoder-webm-vorbis: bf7c407c2cedff20999df2af8eb42d56 -> 
========================================================================
Received Prepare
Caller must complete domain reload
0x00007ff74200da7d (Unity) StackWalker::GetCurrentCallstack
0x00007ff742012b59 (Unity) StackWalker::ShowCallstack
0x00007ff743000a11 (Unity) GetStacktrace
0x00007ff7436bba5e (Unity) DebugStringToFile
0x00007ff7436bb79a (Unity) AssertImplementation
0x00007ff742e9e99c (Unity) Internal_ADB_WorkerOnly_DomainReload
0x00007ff743385074 (Unity) WorkerDomainReloadV2
0x00007ff7433a6285 (Unity) <lambda_b37b41f03089e3cb3f55061bbc93253d>::operator()
0x00007ff7433e1a92 (Unity) asio::detail::completion_handler<core::mutable_function<void __cdecl(void)>,asio::io_context::basic_executor_type<std::allocator<void>,0> >::do_complete
0x00007ff7433cda3e (Unity) asio::detail::win_iocp_io_context::do_one
0x00007ff7433cf6a4 (Unity) asio::detail::win_iocp_io_context::run
0x00007ff7433dfe3c (Unity) IOService::Run
0x00007ff7433b32bf (Unity) AssetImportWorkerClient::Run
0x00007ff74337ec27 (Unity) RunAssetImportWorkerClientV2
0x00007ff74337ecab (Unity) RunAssetImporterV2
0x00007ff742b7867e (Unity) Application::InitializeProject
0x00007ff74300b6a5 (Unity) WinMain
0x00007ff7443bd35e (Unity) __scrt_common_main_seh
0x00007ffc72c6e8d7 (KERNEL32) BaseThreadInitThunk
0x00007ffc734bbf2c (ntdll) RtlUserThreadStart

Begin MonoManager ReloadAssembly
- Loaded All Assemblies, in  0.473 seconds
Native extension for WindowsStandalone target not found
Native extension for Android target not found
Mono: successfully reloaded assembly
[Package Manager] Server::EnsureServerProcessIsRunning -- launch failed, reason: Unity was launched with the -noUpm command-line argument
[Package Manager] UpmClient::Send -- Unable to send message (not connected to UPM process).
[Package Manager] Cannot connect to Unity Package Manager local server
- Finished resetting the current domain, in  1.084 seconds
Domain Reload Profiling: 1551ms
	BeginReloadAssembly (152ms)
		ExecutionOrderSort (0ms)
		DisableScriptedObjects (9ms)
		BackupInstance (0ms)
		ReleaseScriptingObjects (0ms)
		CreateAndSetChildDomain (33ms)
	RebuildCommonClasses (28ms)
	RebuildNativeTypeToScriptingClass (9ms)
	initialDomainReloadingComplete (33ms)
	LoadAllAssembliesAndSetupDomain (246ms)
		LoadAssemblies (294ms)
		RebuildTransferFunctionScriptingTraits (0ms)
		AnalyzeDomain (28ms)
			TypeCache.Refresh (11ms)
				TypeCache.ScanAssembly (0ms)
			ScanForSourceGeneratedMonoScriptInfo (9ms)
			ResolveRequiredComponents (6ms)
	FinalizeReload (1084ms)
		ReleaseScriptCaches (0ms)
		RebuildScriptCaches (0ms)
		SetupLoadedEditorAssemblies (370ms)
			LogAssemblyErrors (0ms)
			InitializePlatformSupportModulesInManaged (17ms)
			SetLoadedEditorAssemblies (3ms)
			RefreshPlugins (0ms)
			BeforeProcessingInitializeOnLoad (68ms)
			ProcessInitializeOnLoadAttributes (246ms)
			ProcessInitializeOnLoadMethodAttributes (26ms)
			AfterProcessingInitializeOnLoad (10ms)
			EditorAssembliesLoaded (0ms)
		ExecutionOrderSort2 (0ms)
		AwakeInstancesAfterBackupRestoration (14ms)
Refreshing native plugins compatible for Editor in 8.23 ms, found 4 plugins.
Preloading 0 native plugins for Editor in 0.00 ms.
Unloading 4478 Unused Serialized files (Serialized files now loaded: 0)
Unloading 20 unused Assets / (112.1 KB). Loaded Objects now: 5239.
Memory consumption went from 158.0 MB to 157.9 MB.
Total: 3.477300 ms (FindLiveObjects: 0.329500 ms CreateObjectMapping: 0.149500 ms MarkObjects: 2.921900 ms  DeleteObjects: 0.075300 ms)

Prepare: number of updated asset objects reloaded= 0
AssetImportParameters requested are different than current active one (requested -> active):
  custom:container-demuxer-ogg: 62fdf1f143b41e24485cea50d1cbac27 -> 
  custom:video-codec-MediaFoundation-h265: 746d11721c4dcdbdad8f713fa42b33f4 -> 
  custom:video-decoder-ogg-theora: a1e56fd34408186e4bbccfd4996cb3dc -> 
  custom:framework-win-MediaFoundation: 216162199b28c13a410421893ffa2e32 -> 
  custom:CustomObjectIndexerAttribute: 9a22284fe3817be447336de3de66b15e -> 
  custom:container-demuxer-webm: 4f35f7cbe854078d1ac9338744f61a02 -> 
  custom:container-muxer-webm: aa71ff27fc2769a1b78a27578f13a17b -> 
  custom:video-decoder-webm-vp8: 9c59270c3fd7afecdb556c50c9e8de78 -> 
  custom:SearchIndexIgnoredProperties: e643bd26f0fe6173181afceb89e7c659 -> 
  custom:AudioImporter_EditorPlatform: d09bf68614088b80899f8185d706f6e7 -> 
  custom:video-encoder-webm-vp8: eb34c28f22e8b96e1ab97ce403110664 -> 
  custom:audio-decoder-ogg-vorbis: bf7c407c2cedff20999df2af8eb42d56 -> 
  custom:audio-encoder-webm-vorbis: bf7c407c2cedff20999df2af8eb42d56 -> 
========================================================================
Received Prepare
Caller must complete domain reload
0x00007ff74200da7d (Unity) StackWalker::GetCurrentCallstack
0x00007ff742012b59 (Unity) StackWalker::ShowCallstack
0x00007ff743000a11 (Unity) GetStacktrace
0x00007ff7436bba5e (Unity) DebugStringToFile
0x00007ff7436bb79a (Unity) AssertImplementation
0x00007ff742e9e99c (Unity) Internal_ADB_WorkerOnly_DomainReload
0x00007ff743385074 (Unity) WorkerDomainReloadV2
0x00007ff7433a6285 (Unity) <lambda_b37b41f03089e3cb3f55061bbc93253d>::operator()
0x00007ff7433e1a92 (Unity) asio::detail::completion_handler<core::mutable_function<void __cdecl(void)>,asio::io_context::basic_executor_type<std::allocator<void>,0> >::do_complete
0x00007ff7433cda3e (Unity) asio::detail::win_iocp_io_context::do_one
0x00007ff7433cf6a4 (Unity) asio::detail::win_iocp_io_context::run
0x00007ff7433dfe3c (Unity) IOService::Run
0x00007ff7433b32bf (Unity) AssetImportWorkerClient::Run
0x00007ff74337ec27 (Unity) RunAssetImportWorkerClientV2
0x00007ff74337ecab (Unity) RunAssetImporterV2
0x00007ff742b7867e (Unity) Application::InitializeProject
0x00007ff74300b6a5 (Unity) WinMain
0x00007ff7443bd35e (Unity) __scrt_common_main_seh
0x00007ffc72c6e8d7 (KERNEL32) BaseThreadInitThunk
0x00007ffc734bbf2c (ntdll) RtlUserThreadStart

Begin MonoManager ReloadAssembly
- Loaded All Assemblies, in  0.450 seconds
Native extension for WindowsStandalone target not found
Native extension for Android target not found
Mono: successfully reloaded assembly
[Package Manager] Server::EnsureServerProcessIsRunning -- launch failed, reason: Unity was launched with the -noUpm command-line argument
[Package Manager] UpmClient::Send -- Unable to send message (not connected to UPM process).
[Package Manager] Cannot connect to Unity Package Manager local server
- Finished resetting the current domain, in  1.133 seconds
Domain Reload Profiling: 1577ms
	BeginReloadAssembly (139ms)
		ExecutionOrderSort (0ms)
		DisableScriptedObjects (9ms)
		BackupInstance (0ms)
		ReleaseScriptingObjects (0ms)
		CreateAndSetChildDomain (30ms)
	RebuildCommonClasses (32ms)
	RebuildNativeTypeToScriptingClass (10ms)
	initialDomainReloadingComplete (28ms)
	LoadAllAssembliesAndSetupDomain (234ms)
		LoadAssemblies (287ms)
		RebuildTransferFunctionScriptingTraits (0ms)
		AnalyzeDomain (18ms)
			TypeCache.Refresh (8ms)
				TypeCache.ScanAssembly (0ms)
			ScanForSourceGeneratedMonoScriptInfo (0ms)
			ResolveRequiredComponents (7ms)
	FinalizeReload (1134ms)
		ReleaseScriptCaches (0ms)
		RebuildScriptCaches (0ms)
		SetupLoadedEditorAssemblies (442ms)
			LogAssemblyErrors (0ms)
			InitializePlatformSupportModulesInManaged (22ms)
			SetLoadedEditorAssemblies (3ms)
			RefreshPlugins (0ms)
			BeforeProcessingInitializeOnLoad (84ms)
			ProcessInitializeOnLoadAttributes (285ms)
			ProcessInitializeOnLoadMethodAttributes (35ms)
			AfterProcessingInitializeOnLoad (12ms)
			EditorAssembliesLoaded (0ms)
		ExecutionOrderSort2 (0ms)
		AwakeInstancesAfterBackupRestoration (16ms)
Refreshing native plugins compatible for Editor in 11.54 ms, found 4 plugins.
Preloading 0 native plugins for Editor in 0.00 ms.
Unloading 4478 Unused Serialized files (Serialized files now loaded: 0)
Unloading 20 unused Assets / (112.2 KB). Loaded Objects now: 5255.
Memory consumption went from 158.0 MB to 157.9 MB.
Total: 3.547400 ms (FindLiveObjects: 0.358200 ms CreateObjectMapping: 0.122600 ms MarkObjects: 2.966700 ms  DeleteObjects: 0.097600 ms)

Prepare: number of updated asset objects reloaded= 0
AssetImportParameters requested are different than current active one (requested -> active):
  custom:container-demuxer-ogg: 62fdf1f143b41e24485cea50d1cbac27 -> 
  custom:video-codec-MediaFoundation-h265: 746d11721c4dcdbdad8f713fa42b33f4 -> 
  custom:video-decoder-ogg-theora: a1e56fd34408186e4bbccfd4996cb3dc -> 
  custom:framework-win-MediaFoundation: 216162199b28c13a410421893ffa2e32 -> 
  custom:CustomObjectIndexerAttribute: 9a22284fe3817be447336de3de66b15e -> 
  custom:container-demuxer-webm: 4f35f7cbe854078d1ac9338744f61a02 -> 
  custom:container-muxer-webm: aa71ff27fc2769a1b78a27578f13a17b -> 
  custom:video-decoder-webm-vp8: 9c59270c3fd7afecdb556c50c9e8de78 -> 
  custom:SearchIndexIgnoredProperties: e643bd26f0fe6173181afceb89e7c659 -> 
  custom:AudioImporter_EditorPlatform: d09bf68614088b80899f8185d706f6e7 -> 
  custom:video-encoder-webm-vp8: eb34c28f22e8b96e1ab97ce403110664 -> 
  custom:audio-decoder-ogg-vorbis: bf7c407c2cedff20999df2af8eb42d56 -> 
  custom:audio-encoder-webm-vorbis: bf7c407c2cedff20999df2af8eb42d56 -> 
========================================================================
Received Prepare
Caller must complete domain reload
0x00007ff74200da7d (Unity) StackWalker::GetCurrentCallstack
0x00007ff742012b59 (Unity) StackWalker::ShowCallstack
0x00007ff743000a11 (Unity) GetStacktrace
0x00007ff7436bba5e (Unity) DebugStringToFile
0x00007ff7436bb79a (Unity) AssertImplementation
0x00007ff742e9e99c (Unity) Internal_ADB_WorkerOnly_DomainReload
0x00007ff743385074 (Unity) WorkerDomainReloadV2
0x00007ff7433a6285 (Unity) <lambda_b37b41f03089e3cb3f55061bbc93253d>::operator()
0x00007ff7433e1a92 (Unity) asio::detail::completion_handler<core::mutable_function<void __cdecl(void)>,asio::io_context::basic_executor_type<std::allocator<void>,0> >::do_complete
0x00007ff7433cda3e (Unity) asio::detail::win_iocp_io_context::do_one
0x00007ff7433cf6a4 (Unity) asio::detail::win_iocp_io_context::run
0x00007ff7433dfe3c (Unity) IOService::Run
0x00007ff7433b32bf (Unity) AssetImportWorkerClient::Run
0x00007ff74337ec27 (Unity) RunAssetImportWorkerClientV2
0x00007ff74337ecab (Unity) RunAssetImporterV2
0x00007ff742b7867e (Unity) Application::InitializeProject
0x00007ff74300b6a5 (Unity) WinMain
0x00007ff7443bd35e (Unity) __scrt_common_main_seh
0x00007ffc72c6e8d7 (KERNEL32) BaseThreadInitThunk
0x00007ffc734bbf2c (ntdll) RtlUserThreadStart

Begin MonoManager ReloadAssembly
- Loaded All Assemblies, in  0.559 seconds
Native extension for WindowsStandalone target not found
Native extension for Android target not found
Mono: successfully reloaded assembly
[Package Manager] Server::EnsureServerProcessIsRunning -- launch failed, reason: Unity was launched with the -noUpm command-line argument
[Package Manager] UpmClient::Send -- Unable to send message (not connected to UPM process).
[Package Manager] Cannot connect to Unity Package Manager local server
- Finished resetting the current domain, in  1.020 seconds
Domain Reload Profiling: 1570ms
	BeginReloadAssembly (173ms)
		ExecutionOrderSort (0ms)
		DisableScriptedObjects (9ms)
		BackupInstance (0ms)
		ReleaseScriptingObjects (0ms)
		CreateAndSetChildDomain (42ms)
	RebuildCommonClasses (39ms)
	RebuildNativeTypeToScriptingClass (11ms)
	initialDomainReloadingComplete (34ms)
	LoadAllAssembliesAndSetupDomain (292ms)
		LoadAssemblies (338ms)
		RebuildTransferFunctionScriptingTraits (0ms)
		AnalyzeDomain (43ms)
			TypeCache.Refresh (19ms)
				TypeCache.ScanAssembly (1ms)
			ScanForSourceGeneratedMonoScriptInfo (12ms)
			ResolveRequiredComponents (11ms)
	FinalizeReload (1020ms)
		ReleaseScriptCaches (0ms)
		RebuildScriptCaches (0ms)
		SetupLoadedEditorAssemblies (383ms)
			LogAssemblyErrors (0ms)
			InitializePlatformSupportModulesInManaged (17ms)
			SetLoadedEditorAssemblies (3ms)
			RefreshPlugins (0ms)
			BeforeProcessingInitializeOnLoad (74ms)
			ProcessInitializeOnLoadAttributes (255ms)
			ProcessInitializeOnLoadMethodAttributes (24ms)
			AfterProcessingInitializeOnLoad (9ms)
			EditorAssembliesLoaded (0ms)
		ExecutionOrderSort2 (0ms)
		AwakeInstancesAfterBackupRestoration (11ms)
Refreshing native plugins compatible for Editor in 8.47 ms, found 4 plugins.
Preloading 0 native plugins for Editor in 0.00 ms.
Unloading 4478 Unused Serialized files (Serialized files now loaded: 0)
Unloading 20 unused Assets / (112.2 KB). Loaded Objects now: 5271.
Memory consumption went from 158.0 MB to 157.9 MB.
Total: 3.898700 ms (FindLiveObjects: 0.404700 ms CreateObjectMapping: 0.148500 ms MarkObjects: 3.276500 ms  DeleteObjects: 0.068000 ms)

Prepare: number of updated asset objects reloaded= 0
AssetImportParameters requested are different than current active one (requested -> active):
  custom:container-demuxer-ogg: 62fdf1f143b41e24485cea50d1cbac27 -> 
  custom:video-codec-MediaFoundation-h265: 746d11721c4dcdbdad8f713fa42b33f4 -> 
  custom:video-decoder-ogg-theora: a1e56fd34408186e4bbccfd4996cb3dc -> 
  custom:framework-win-MediaFoundation: 216162199b28c13a410421893ffa2e32 -> 
  custom:CustomObjectIndexerAttribute: 9a22284fe3817be447336de3de66b15e -> 
  custom:container-demuxer-webm: 4f35f7cbe854078d1ac9338744f61a02 -> 
  custom:container-muxer-webm: aa71ff27fc2769a1b78a27578f13a17b -> 
  custom:video-decoder-webm-vp8: 9c59270c3fd7afecdb556c50c9e8de78 -> 
  custom:SearchIndexIgnoredProperties: e643bd26f0fe6173181afceb89e7c659 -> 
  custom:AudioImporter_EditorPlatform: d09bf68614088b80899f8185d706f6e7 -> 
  custom:video-encoder-webm-vp8: eb34c28f22e8b96e1ab97ce403110664 -> 
  custom:audio-decoder-ogg-vorbis: bf7c407c2cedff20999df2af8eb42d56 -> 
  custom:audio-encoder-webm-vorbis: bf7c407c2cedff20999df2af8eb42d56 -> 
========================================================================
Received Prepare
Caller must complete domain reload
0x00007ff74200da7d (Unity) StackWalker::GetCurrentCallstack
0x00007ff742012b59 (Unity) StackWalker::ShowCallstack
0x00007ff743000a11 (Unity) GetStacktrace
0x00007ff7436bba5e (Unity) DebugStringToFile
0x00007ff7436bb79a (Unity) AssertImplementation
0x00007ff742e9e99c (Unity) Internal_ADB_WorkerOnly_DomainReload
0x00007ff743385074 (Unity) WorkerDomainReloadV2
0x00007ff7433a6285 (Unity) <lambda_b37b41f03089e3cb3f55061bbc93253d>::operator()
0x00007ff7433e1a92 (Unity) asio::detail::completion_handler<core::mutable_function<void __cdecl(void)>,asio::io_context::basic_executor_type<std::allocator<void>,0> >::do_complete
0x00007ff7433cda3e (Unity) asio::detail::win_iocp_io_context::do_one
0x00007ff7433cf6a4 (Unity) asio::detail::win_iocp_io_context::run
0x00007ff7433dfe3c (Unity) IOService::Run
0x00007ff7433b32bf (Unity) AssetImportWorkerClient::Run
0x00007ff74337ec27 (Unity) RunAssetImportWorkerClientV2
0x00007ff74337ecab (Unity) RunAssetImporterV2
0x00007ff742b7867e (Unity) Application::InitializeProject
0x00007ff74300b6a5 (Unity) WinMain
0x00007ff7443bd35e (Unity) __scrt_common_main_seh
0x00007ffc72c6e8d7 (KERNEL32) BaseThreadInitThunk
0x00007ffc734bbf2c (ntdll) RtlUserThreadStart

Begin MonoManager ReloadAssembly
- Loaded All Assemblies, in  0.537 seconds
Native extension for WindowsStandalone target not found
Native extension for Android target not found
Mono: successfully reloaded assembly
[Package Manager] Server::EnsureServerProcessIsRunning -- launch failed, reason: Unity was launched with the -noUpm command-line argument
[Package Manager] UpmClient::Send -- Unable to send message (not connected to UPM process).
[Package Manager] Cannot connect to Unity Package Manager local server
- Finished resetting the current domain, in  1.225 seconds
Domain Reload Profiling: 1755ms
	BeginReloadAssembly (173ms)
		ExecutionOrderSort (0ms)
		DisableScriptedObjects (10ms)
		BackupInstance (0ms)
		ReleaseScriptingObjects (0ms)
		CreateAndSetChildDomain (40ms)
	RebuildCommonClasses (28ms)
	RebuildNativeTypeToScriptingClass (9ms)
	initialDomainReloadingComplete (33ms)
	LoadAllAssembliesAndSetupDomain (287ms)
		LoadAssemblies (343ms)
		RebuildTransferFunctionScriptingTraits (0ms)
		AnalyzeDomain (32ms)
			TypeCache.Refresh (13ms)
				TypeCache.ScanAssembly (1ms)
			ScanForSourceGeneratedMonoScriptInfo (11ms)
			ResolveRequiredComponents (6ms)
	FinalizeReload (1225ms)
		ReleaseScriptCaches (0ms)
		RebuildScriptCaches (0ms)
		SetupLoadedEditorAssemblies (443ms)
			LogAssemblyErrors (0ms)
			InitializePlatformSupportModulesInManaged (28ms)
			SetLoadedEditorAssemblies (6ms)
			RefreshPlugins (0ms)
			BeforeProcessingInitializeOnLoad (89ms)
			ProcessInitializeOnLoadAttributes (281ms)
			ProcessInitializeOnLoadMethodAttributes (30ms)
			AfterProcessingInitializeOnLoad (9ms)
			EditorAssembliesLoaded (0ms)
		ExecutionOrderSort2 (0ms)
		AwakeInstancesAfterBackupRestoration (13ms)
Refreshing native plugins compatible for Editor in 7.61 ms, found 4 plugins.
Preloading 0 native plugins for Editor in 0.00 ms.
Unloading 4479 Unused Serialized files (Serialized files now loaded: 0)
Unloading 20 unused Assets / (112.1 KB). Loaded Objects now: 5288.
Memory consumption went from 158.0 MB to 157.9 MB.
Total: 3.827200 ms (FindLiveObjects: 0.371100 ms CreateObjectMapping: 0.150500 ms MarkObjects: 3.152400 ms  DeleteObjects: 0.151900 ms)

Prepare: number of updated asset objects reloaded= 0
AssetImportParameters requested are different than current active one (requested -> active):
  custom:container-demuxer-ogg: 62fdf1f143b41e24485cea50d1cbac27 -> 
  custom:video-codec-MediaFoundation-h265: 746d11721c4dcdbdad8f713fa42b33f4 -> 
  custom:video-decoder-ogg-theora: a1e56fd34408186e4bbccfd4996cb3dc -> 
  custom:framework-win-MediaFoundation: 216162199b28c13a410421893ffa2e32 -> 
  custom:CustomObjectIndexerAttribute: 9a22284fe3817be447336de3de66b15e -> 
  custom:container-demuxer-webm: 4f35f7cbe854078d1ac9338744f61a02 -> 
  custom:container-muxer-webm: aa71ff27fc2769a1b78a27578f13a17b -> 
  custom:video-decoder-webm-vp8: 9c59270c3fd7afecdb556c50c9e8de78 -> 
  custom:SearchIndexIgnoredProperties: e643bd26f0fe6173181afceb89e7c659 -> 
  custom:AudioImporter_EditorPlatform: d09bf68614088b80899f8185d706f6e7 -> 
  custom:video-encoder-webm-vp8: eb34c28f22e8b96e1ab97ce403110664 -> 
  custom:audio-decoder-ogg-vorbis: bf7c407c2cedff20999df2af8eb42d56 -> 
  custom:audio-encoder-webm-vorbis: bf7c407c2cedff20999df2af8eb42d56 -> 
  custom:scripting/monoscript/fileName/ScoreManager.cs: 2117df56b7ba23abd331d761e713022a -> 
  custom:scripting/precompiled-assembly-types:Assembly-CSharp: 80ec807dcb360ead09f5b1218fe86711 -> 1d189b278584937dbe15bd548035eb59
========================================================================
Received Prepare
Caller must complete domain reload
0x00007ff74200da7d (Unity) StackWalker::GetCurrentCallstack
0x00007ff742012b59 (Unity) StackWalker::ShowCallstack
0x00007ff743000a11 (Unity) GetStacktrace
0x00007ff7436bba5e (Unity) DebugStringToFile
0x00007ff7436bb79a (Unity) AssertImplementation
0x00007ff742e9e99c (Unity) Internal_ADB_WorkerOnly_DomainReload
0x00007ff743385074 (Unity) WorkerDomainReloadV2
0x00007ff7433a6285 (Unity) <lambda_b37b41f03089e3cb3f55061bbc93253d>::operator()
0x00007ff7433e1a92 (Unity) asio::detail::completion_handler<core::mutable_function<void __cdecl(void)>,asio::io_context::basic_executor_type<std::allocator<void>,0> >::do_complete
0x00007ff7433cda3e (Unity) asio::detail::win_iocp_io_context::do_one
0x00007ff7433cf6a4 (Unity) asio::detail::win_iocp_io_context::run
0x00007ff7433dfe3c (Unity) IOService::Run
0x00007ff7433b32bf (Unity) AssetImportWorkerClient::Run
0x00007ff74337ec27 (Unity) RunAssetImportWorkerClientV2
0x00007ff74337ecab (Unity) RunAssetImporterV2
0x00007ff742b7867e (Unity) Application::InitializeProject
0x00007ff74300b6a5 (Unity) WinMain
0x00007ff7443bd35e (Unity) __scrt_common_main_seh
0x00007ffc72c6e8d7 (KERNEL32) BaseThreadInitThunk
0x00007ffc734bbf2c (ntdll) RtlUserThreadStart

Begin MonoManager ReloadAssembly
- Loaded All Assemblies, in  0.527 seconds
Native extension for WindowsStandalone target not found
Native extension for Android target not found
Mono: successfully reloaded assembly
[Package Manager] Server::EnsureServerProcessIsRunning -- launch failed, reason: Unity was launched with the -noUpm command-line argument
[Package Manager] UpmClient::Send -- Unable to send message (not connected to UPM process).
[Package Manager] Cannot connect to Unity Package Manager local server
- Finished resetting the current domain, in  1.320 seconds
Domain Reload Profiling: 1841ms
	BeginReloadAssembly (180ms)
		ExecutionOrderSort (0ms)
		DisableScriptedObjects (12ms)
		BackupInstance (0ms)
		ReleaseScriptingObjects (0ms)
		CreateAndSetChildDomain (38ms)
	RebuildCommonClasses (29ms)
	RebuildNativeTypeToScriptingClass (11ms)
	initialDomainReloadingComplete (32ms)
	LoadAllAssembliesAndSetupDomain (269ms)
		LoadAssemblies (342ms)
		RebuildTransferFunctionScriptingTraits (0ms)
		AnalyzeDomain (19ms)
			TypeCache.Refresh (10ms)
				TypeCache.ScanAssembly (0ms)
			ScanForSourceGeneratedMonoScriptInfo (0ms)
			ResolveRequiredComponents (7ms)
	FinalizeReload (1320ms)
		ReleaseScriptCaches (0ms)
		RebuildScriptCaches (0ms)
		SetupLoadedEditorAssemblies (490ms)
			LogAssemblyErrors (0ms)
			InitializePlatformSupportModulesInManaged (23ms)
			SetLoadedEditorAssemblies (5ms)
			RefreshPlugins (0ms)
			BeforeProcessingInitializeOnLoad (91ms)
			ProcessInitializeOnLoadAttributes (323ms)
			ProcessInitializeOnLoadMethodAttributes (36ms)
			AfterProcessingInitializeOnLoad (11ms)
			EditorAssembliesLoaded (0ms)
		ExecutionOrderSort2 (0ms)
		AwakeInstancesAfterBackupRestoration (15ms)
Refreshing native plugins compatible for Editor in 12.83 ms, found 4 plugins.
Preloading 0 native plugins for Editor in 0.00 ms.
Unloading 4479 Unused Serialized files (Serialized files now loaded: 0)
Unloading 20 unused Assets / (112.2 KB). Loaded Objects now: 5304.
Memory consumption went from 158.0 MB to 157.9 MB.
Total: 6.342300 ms (FindLiveObjects: 0.688400 ms CreateObjectMapping: 0.207300 ms MarkObjects: 5.362100 ms  DeleteObjects: 0.082700 ms)

Prepare: number of updated asset objects reloaded= 0
AssetImportParameters requested are different than current active one (requested -> active):
  custom:container-demuxer-ogg: 62fdf1f143b41e24485cea50d1cbac27 -> 
  custom:video-codec-MediaFoundation-h265: 746d11721c4dcdbdad8f713fa42b33f4 -> 
  custom:video-decoder-ogg-theora: a1e56fd34408186e4bbccfd4996cb3dc -> 
  custom:framework-win-MediaFoundation: 216162199b28c13a410421893ffa2e32 -> 
  custom:CustomObjectIndexerAttribute: 9a22284fe3817be447336de3de66b15e -> 
  custom:container-demuxer-webm: 4f35f7cbe854078d1ac9338744f61a02 -> 
  custom:container-muxer-webm: aa71ff27fc2769a1b78a27578f13a17b -> 
  custom:video-decoder-webm-vp8: 9c59270c3fd7afecdb556c50c9e8de78 -> 
  custom:SearchIndexIgnoredProperties: e643bd26f0fe6173181afceb89e7c659 -> 
  custom:AudioImporter_EditorPlatform: d09bf68614088b80899f8185d706f6e7 -> 
  custom:video-encoder-webm-vp8: eb34c28f22e8b96e1ab97ce403110664 -> 
  custom:audio-decoder-ogg-vorbis: bf7c407c2cedff20999df2af8eb42d56 -> 
  custom:audio-encoder-webm-vorbis: bf7c407c2cedff20999df2af8eb42d56 -> 
  custom:scripting/monoscript/fileName/ScoreManager.cs: 2117df56b7ba23abd331d761e713022a -> 
  custom:scripting/precompiled-assembly-types:Assembly-CSharp: 80ec807dcb360ead09f5b1218fe86711 -> 1d189b278584937dbe15bd548035eb59
========================================================================
Received Prepare
Caller must complete domain reload
0x00007ff74200da7d (Unity) StackWalker::GetCurrentCallstack
0x00007ff742012b59 (Unity) StackWalker::ShowCallstack
0x00007ff743000a11 (Unity) GetStacktrace
0x00007ff7436bba5e (Unity) DebugStringToFile
0x00007ff7436bb79a (Unity) AssertImplementation
0x00007ff742e9e99c (Unity) Internal_ADB_WorkerOnly_DomainReload
0x00007ff743385074 (Unity) WorkerDomainReloadV2
0x00007ff7433a6285 (Unity) <lambda_b37b41f03089e3cb3f55061bbc93253d>::operator()
0x00007ff7433e1a92 (Unity) asio::detail::completion_handler<core::mutable_function<void __cdecl(void)>,asio::io_context::basic_executor_type<std::allocator<void>,0> >::do_complete
0x00007ff7433cda3e (Unity) asio::detail::win_iocp_io_context::do_one
0x00007ff7433cf6a4 (Unity) asio::detail::win_iocp_io_context::run
0x00007ff7433dfe3c (Unity) IOService::Run
0x00007ff7433b32bf (Unity) AssetImportWorkerClient::Run
0x00007ff74337ec27 (Unity) RunAssetImportWorkerClientV2
0x00007ff74337ecab (Unity) RunAssetImporterV2
0x00007ff742b7867e (Unity) Application::InitializeProject
0x00007ff74300b6a5 (Unity) WinMain
0x00007ff7443bd35e (Unity) __scrt_common_main_seh
0x00007ffc72c6e8d7 (KERNEL32) BaseThreadInitThunk
0x00007ffc734bbf2c (ntdll) RtlUserThreadStart

Begin MonoManager ReloadAssembly
- Loaded All Assemblies, in  0.481 seconds
Native extension for WindowsStandalone target not found
Native extension for Android target not found
Mono: successfully reloaded assembly
[Package Manager] Server::EnsureServerProcessIsRunning -- launch failed, reason: Unity was launched with the -noUpm command-line argument
[Package Manager] UpmClient::Send -- Unable to send message (not connected to UPM process).
[Package Manager] Cannot connect to Unity Package Manager local server
- Finished resetting the current domain, in  1.634 seconds
Domain Reload Profiling: 2110ms
	BeginReloadAssembly (143ms)
		ExecutionOrderSort (0ms)
		DisableScriptedObjects (9ms)
		BackupInstance (0ms)
		ReleaseScriptingObjects (0ms)
		CreateAndSetChildDomain (35ms)
	RebuildCommonClasses (29ms)
	RebuildNativeTypeToScriptingClass (9ms)
	initialDomainReloadingComplete (28ms)
	LoadAllAssembliesAndSetupDomain (267ms)
		LoadAssemblies (307ms)
		RebuildTransferFunctionScriptingTraits (0ms)
		AnalyzeDomain (28ms)
			TypeCache.Refresh (12ms)
				TypeCache.ScanAssembly (0ms)
			ScanForSourceGeneratedMonoScriptInfo (9ms)
			ResolveRequiredComponents (6ms)
	FinalizeReload (1635ms)
		ReleaseScriptCaches (0ms)
		RebuildScriptCaches (0ms)
		SetupLoadedEditorAssemblies (388ms)
			LogAssemblyErrors (0ms)
			InitializePlatformSupportModulesInManaged (21ms)
			SetLoadedEditorAssemblies (3ms)
			RefreshPlugins (0ms)
			BeforeProcessingInitializeOnLoad (74ms)
			ProcessInitializeOnLoadAttributes (255ms)
			ProcessInitializeOnLoadMethodAttributes (26ms)
			AfterProcessingInitializeOnLoad (8ms)
			EditorAssembliesLoaded (0ms)
		ExecutionOrderSort2 (0ms)
		AwakeInstancesAfterBackupRestoration (11ms)
Refreshing native plugins compatible for Editor in 7.79 ms, found 4 plugins.
Preloading 0 native plugins for Editor in 0.00 ms.
Unloading 4480 Unused Serialized files (Serialized files now loaded: 0)
Unloading 20 unused Assets / (112.2 KB). Loaded Objects now: 5321.
Memory consumption went from 158.1 MB to 157.9 MB.
Total: 4.011400 ms (FindLiveObjects: 0.322800 ms CreateObjectMapping: 0.153600 ms MarkObjects: 3.462100 ms  DeleteObjects: 0.071800 ms)

Prepare: number of updated asset objects reloaded= 0
AssetImportParameters requested are different than current active one (requested -> active):
  custom:container-demuxer-ogg: 62fdf1f143b41e24485cea50d1cbac27 -> 
  custom:video-codec-MediaFoundation-h265: 746d11721c4dcdbdad8f713fa42b33f4 -> 
  custom:video-decoder-ogg-theora: a1e56fd34408186e4bbccfd4996cb3dc -> 
  custom:framework-win-MediaFoundation: 216162199b28c13a410421893ffa2e32 -> 
  custom:CustomObjectIndexerAttribute: 9a22284fe3817be447336de3de66b15e -> 
  custom:container-demuxer-webm: 4f35f7cbe854078d1ac9338744f61a02 -> 
  custom:container-muxer-webm: aa71ff27fc2769a1b78a27578f13a17b -> 
  custom:video-decoder-webm-vp8: 9c59270c3fd7afecdb556c50c9e8de78 -> 
  custom:SearchIndexIgnoredProperties: e643bd26f0fe6173181afceb89e7c659 -> 
  custom:AudioImporter_EditorPlatform: d09bf68614088b80899f8185d706f6e7 -> 
  custom:video-encoder-webm-vp8: eb34c28f22e8b96e1ab97ce403110664 -> 
  custom:audio-decoder-ogg-vorbis: bf7c407c2cedff20999df2af8eb42d56 -> 
  custom:scripting/monoscript/fileName/MainMenuCoinDisplay.cs: 145d5a3e9ba21299e4f3d41e009c4419 -> 
  custom:audio-encoder-webm-vorbis: bf7c407c2cedff20999df2af8eb42d56 -> 
  custom:scripting/monoscript/fileName/ScoreManager.cs: 2117df56b7ba23abd331d761e713022a -> 
  custom:scripting/precompiled-assembly-types:Assembly-CSharp: bd8e7985b0e5383a90fcd111f499cd25 -> 1d189b278584937dbe15bd548035eb59
========================================================================
Received Prepare
Caller must complete domain reload
0x00007ff74200da7d (Unity) StackWalker::GetCurrentCallstack
0x00007ff742012b59 (Unity) StackWalker::ShowCallstack
0x00007ff743000a11 (Unity) GetStacktrace
0x00007ff7436bba5e (Unity) DebugStringToFile
0x00007ff7436bb79a (Unity) AssertImplementation
0x00007ff742e9e99c (Unity) Internal_ADB_WorkerOnly_DomainReload
0x00007ff743385074 (Unity) WorkerDomainReloadV2
0x00007ff7433a6285 (Unity) <lambda_b37b41f03089e3cb3f55061bbc93253d>::operator()
0x00007ff7433e1a92 (Unity) asio::detail::completion_handler<core::mutable_function<void __cdecl(void)>,asio::io_context::basic_executor_type<std::allocator<void>,0> >::do_complete
0x00007ff7433cda3e (Unity) asio::detail::win_iocp_io_context::do_one
0x00007ff7433cf6a4 (Unity) asio::detail::win_iocp_io_context::run
0x00007ff7433dfe3c (Unity) IOService::Run
0x00007ff7433b32bf (Unity) AssetImportWorkerClient::Run
0x00007ff74337ec27 (Unity) RunAssetImportWorkerClientV2
0x00007ff74337ecab (Unity) RunAssetImporterV2
0x00007ff742b7867e (Unity) Application::InitializeProject
0x00007ff74300b6a5 (Unity) WinMain
0x00007ff7443bd35e (Unity) __scrt_common_main_seh
0x00007ffc72c6e8d7 (KERNEL32) BaseThreadInitThunk
0x00007ffc734bbf2c (ntdll) RtlUserThreadStart

Begin MonoManager ReloadAssembly
- Loaded All Assemblies, in  0.461 seconds
Native extension for WindowsStandalone target not found
Native extension for Android target not found
Mono: successfully reloaded assembly
[Package Manager] Server::EnsureServerProcessIsRunning -- launch failed, reason: Unity was launched with the -noUpm command-line argument
[Package Manager] UpmClient::Send -- Unable to send message (not connected to UPM process).
[Package Manager] Cannot connect to Unity Package Manager local server
- Finished resetting the current domain, in  1.095 seconds
Domain Reload Profiling: 1550ms
	BeginReloadAssembly (142ms)
		ExecutionOrderSort (0ms)
		DisableScriptedObjects (9ms)
		BackupInstance (0ms)
		ReleaseScriptingObjects (0ms)
		CreateAndSetChildDomain (34ms)
	RebuildCommonClasses (26ms)
	RebuildNativeTypeToScriptingClass (10ms)
	initialDomainReloadingComplete (33ms)
	LoadAllAssembliesAndSetupDomain (244ms)
		LoadAssemblies (295ms)
		RebuildTransferFunctionScriptingTraits (0ms)
		AnalyzeDomain (17ms)
			TypeCache.Refresh (9ms)
				TypeCache.ScanAssembly (0ms)
			ScanForSourceGeneratedMonoScriptInfo (0ms)
			ResolveRequiredComponents (6ms)
	FinalizeReload (1095ms)
		ReleaseScriptCaches (0ms)
		RebuildScriptCaches (0ms)
		SetupLoadedEditorAssemblies (435ms)
			LogAssemblyErrors (0ms)
			InitializePlatformSupportModulesInManaged (21ms)
			SetLoadedEditorAssemblies (3ms)
			RefreshPlugins (0ms)
			BeforeProcessingInitializeOnLoad (85ms)
			ProcessInitializeOnLoadAttributes (285ms)
			ProcessInitializeOnLoadMethodAttributes (30ms)
			AfterProcessingInitializeOnLoad (10ms)
			EditorAssembliesLoaded (1ms)
		ExecutionOrderSort2 (0ms)
		AwakeInstancesAfterBackupRestoration (13ms)
Refreshing native plugins compatible for Editor in 10.91 ms, found 4 plugins.
Preloading 0 native plugins for Editor in 0.00 ms.
Unloading 4480 Unused Serialized files (Serialized files now loaded: 0)
Unloading 20 unused Assets / (112.0 KB). Loaded Objects now: 5337.
Memory consumption went from 158.1 MB to 158.0 MB.
Total: 3.467600 ms (FindLiveObjects: 0.358600 ms CreateObjectMapping: 0.158200 ms MarkObjects: 2.860300 ms  DeleteObjects: 0.089700 ms)

Prepare: number of updated asset objects reloaded= 0
AssetImportParameters requested are different than current active one (requested -> active):
  custom:container-demuxer-ogg: 62fdf1f143b41e24485cea50d1cbac27 -> 
  custom:video-codec-MediaFoundation-h265: 746d11721c4dcdbdad8f713fa42b33f4 -> 
  custom:video-decoder-ogg-theora: a1e56fd34408186e4bbccfd4996cb3dc -> 
  custom:framework-win-MediaFoundation: 216162199b28c13a410421893ffa2e32 -> 
  custom:CustomObjectIndexerAttribute: 9a22284fe3817be447336de3de66b15e -> 
  custom:container-demuxer-webm: 4f35f7cbe854078d1ac9338744f61a02 -> 
  custom:container-muxer-webm: aa71ff27fc2769a1b78a27578f13a17b -> 
  custom:video-decoder-webm-vp8: 9c59270c3fd7afecdb556c50c9e8de78 -> 
  custom:SearchIndexIgnoredProperties: e643bd26f0fe6173181afceb89e7c659 -> 
  custom:AudioImporter_EditorPlatform: d09bf68614088b80899f8185d706f6e7 -> 
  custom:video-encoder-webm-vp8: eb34c28f22e8b96e1ab97ce403110664 -> 
  custom:audio-decoder-ogg-vorbis: bf7c407c2cedff20999df2af8eb42d56 -> 
  custom:scripting/monoscript/fileName/MainMenuCoinDisplay.cs: 145d5a3e9ba21299e4f3d41e009c4419 -> 
  custom:audio-encoder-webm-vorbis: bf7c407c2cedff20999df2af8eb42d56 -> 
  custom:scripting/monoscript/fileName/ScoreManager.cs: 2117df56b7ba23abd331d761e713022a -> 
  custom:scripting/precompiled-assembly-types:Assembly-CSharp: bd8e7985b0e5383a90fcd111f499cd25 -> 1d189b278584937dbe15bd548035eb59
========================================================================
Received Prepare
Caller must complete domain reload
0x00007ff74200da7d (Unity) StackWalker::GetCurrentCallstack
0x00007ff742012b59 (Unity) StackWalker::ShowCallstack
0x00007ff743000a11 (Unity) GetStacktrace
0x00007ff7436bba5e (Unity) DebugStringToFile
0x00007ff7436bb79a (Unity) AssertImplementation
0x00007ff742e9e99c (Unity) Internal_ADB_WorkerOnly_DomainReload
0x00007ff743385074 (Unity) WorkerDomainReloadV2
0x00007ff7433a6285 (Unity) <lambda_b37b41f03089e3cb3f55061bbc93253d>::operator()
0x00007ff7433e1a92 (Unity) asio::detail::completion_handler<core::mutable_function<void __cdecl(void)>,asio::io_context::basic_executor_type<std::allocator<void>,0> >::do_complete
0x00007ff7433cda3e (Unity) asio::detail::win_iocp_io_context::do_one
0x00007ff7433cf6a4 (Unity) asio::detail::win_iocp_io_context::run
0x00007ff7433dfe3c (Unity) IOService::Run
0x00007ff7433b32bf (Unity) AssetImportWorkerClient::Run
0x00007ff74337ec27 (Unity) RunAssetImportWorkerClientV2
0x00007ff74337ecab (Unity) RunAssetImporterV2
0x00007ff742b7867e (Unity) Application::InitializeProject
0x00007ff74300b6a5 (Unity) WinMain
0x00007ff7443bd35e (Unity) __scrt_common_main_seh
0x00007ffc72c6e8d7 (KERNEL32) BaseThreadInitThunk
0x00007ffc734bbf2c (ntdll) RtlUserThreadStart

Begin MonoManager ReloadAssembly
- Loaded All Assemblies, in  0.569 seconds
Native extension for WindowsStandalone target not found
Native extension for Android target not found
Mono: successfully reloaded assembly
[Package Manager] Server::EnsureServerProcessIsRunning -- launch failed, reason: Unity was launched with the -noUpm command-line argument
[Package Manager] UpmClient::Send -- Unable to send message (not connected to UPM process).
[Package Manager] Cannot connect to Unity Package Manager local server
- Finished resetting the current domain, in  1.124 seconds
Domain Reload Profiling: 1688ms
	BeginReloadAssembly (204ms)
		ExecutionOrderSort (0ms)
		DisableScriptedObjects (12ms)
		BackupInstance (0ms)
		ReleaseScriptingObjects (0ms)
		CreateAndSetChildDomain (67ms)
	RebuildCommonClasses (29ms)
	RebuildNativeTypeToScriptingClass (10ms)
	initialDomainReloadingComplete (30ms)
	LoadAllAssembliesAndSetupDomain (291ms)
		LoadAssemblies (343ms)
		RebuildTransferFunctionScriptingTraits (0ms)
		AnalyzeDomain (32ms)
			TypeCache.Refresh (13ms)
				TypeCache.ScanAssembly (0ms)
			ScanForSourceGeneratedMonoScriptInfo (11ms)
			ResolveRequiredComponents (6ms)
	FinalizeReload (1124ms)
		ReleaseScriptCaches (0ms)
		RebuildScriptCaches (0ms)
		SetupLoadedEditorAssemblies (420ms)
			LogAssemblyErrors (0ms)
			InitializePlatformSupportModulesInManaged (23ms)
			SetLoadedEditorAssemblies (3ms)
			RefreshPlugins (0ms)
			BeforeProcessingInitializeOnLoad (72ms)
			ProcessInitializeOnLoadAttributes (286ms)
			ProcessInitializeOnLoadMethodAttributes (27ms)
			AfterProcessingInitializeOnLoad (9ms)
			EditorAssembliesLoaded (0ms)
		ExecutionOrderSort2 (0ms)
		AwakeInstancesAfterBackupRestoration (11ms)
Refreshing native plugins compatible for Editor in 9.25 ms, found 4 plugins.
Preloading 0 native plugins for Editor in 0.00 ms.
Unloading 4480 Unused Serialized files (Serialized files now loaded: 0)
Unloading 20 unused Assets / (112.1 KB). Loaded Objects now: 5353.
Memory consumption went from 158.1 MB to 158.0 MB.
Total: 3.185500 ms (FindLiveObjects: 0.346700 ms CreateObjectMapping: 0.138900 ms MarkObjects: 2.615900 ms  DeleteObjects: 0.083000 ms)

Prepare: number of updated asset objects reloaded= 0
AssetImportParameters requested are different than current active one (requested -> active):
  custom:container-demuxer-ogg: 62fdf1f143b41e24485cea50d1cbac27 -> 
  custom:video-codec-MediaFoundation-h265: 746d11721c4dcdbdad8f713fa42b33f4 -> 
  custom:video-decoder-ogg-theora: a1e56fd34408186e4bbccfd4996cb3dc -> 
  custom:framework-win-MediaFoundation: 216162199b28c13a410421893ffa2e32 -> 
  custom:CustomObjectIndexerAttribute: 9a22284fe3817be447336de3de66b15e -> 
  custom:container-demuxer-webm: 4f35f7cbe854078d1ac9338744f61a02 -> 
  custom:container-muxer-webm: aa71ff27fc2769a1b78a27578f13a17b -> 
  custom:video-decoder-webm-vp8: 9c59270c3fd7afecdb556c50c9e8de78 -> 
  custom:SearchIndexIgnoredProperties: e643bd26f0fe6173181afceb89e7c659 -> 
  custom:AudioImporter_EditorPlatform: d09bf68614088b80899f8185d706f6e7 -> 
  custom:video-encoder-webm-vp8: eb34c28f22e8b96e1ab97ce403110664 -> 
  custom:audio-decoder-ogg-vorbis: bf7c407c2cedff20999df2af8eb42d56 -> 
  custom:scripting/monoscript/fileName/MainMenuCoinDisplay.cs: 145d5a3e9ba21299e4f3d41e009c4419 -> 
  custom:audio-encoder-webm-vorbis: bf7c407c2cedff20999df2af8eb42d56 -> 
  custom:scripting/monoscript/fileName/ScoreManager.cs: 2117df56b7ba23abd331d761e713022a -> 
  custom:scripting/precompiled-assembly-types:Assembly-CSharp: bd8e7985b0e5383a90fcd111f499cd25 -> 1d189b278584937dbe15bd548035eb59
========================================================================
Received Prepare
Caller must complete domain reload
0x00007ff74200da7d (Unity) StackWalker::GetCurrentCallstack
0x00007ff742012b59 (Unity) StackWalker::ShowCallstack
0x00007ff743000a11 (Unity) GetStacktrace
0x00007ff7436bba5e (Unity) DebugStringToFile
0x00007ff7436bb79a (Unity) AssertImplementation
0x00007ff742e9e99c (Unity) Internal_ADB_WorkerOnly_DomainReload
0x00007ff743385074 (Unity) WorkerDomainReloadV2
0x00007ff7433a6285 (Unity) <lambda_b37b41f03089e3cb3f55061bbc93253d>::operator()
0x00007ff7433e1a92 (Unity) asio::detail::completion_handler<core::mutable_function<void __cdecl(void)>,asio::io_context::basic_executor_type<std::allocator<void>,0> >::do_complete
0x00007ff7433cda3e (Unity) asio::detail::win_iocp_io_context::do_one
0x00007ff7433cf6a4 (Unity) asio::detail::win_iocp_io_context::run
0x00007ff7433dfe3c (Unity) IOService::Run
0x00007ff7433b32bf (Unity) AssetImportWorkerClient::Run
0x00007ff74337ec27 (Unity) RunAssetImportWorkerClientV2
0x00007ff74337ecab (Unity) RunAssetImporterV2
0x00007ff742b7867e (Unity) Application::InitializeProject
0x00007ff74300b6a5 (Unity) WinMain
0x00007ff7443bd35e (Unity) __scrt_common_main_seh
0x00007ffc72c6e8d7 (KERNEL32) BaseThreadInitThunk
0x00007ffc734bbf2c (ntdll) RtlUserThreadStart

Begin MonoManager ReloadAssembly
- Loaded All Assemblies, in  0.591 seconds
Native extension for WindowsStandalone target not found
Native extension for Android target not found
Mono: successfully reloaded assembly
[Package Manager] Server::EnsureServerProcessIsRunning -- launch failed, reason: Unity was launched with the -noUpm command-line argument
[Package Manager] UpmClient::Send -- Unable to send message (not connected to UPM process).
[Package Manager] Cannot connect to Unity Package Manager local server
- Finished resetting the current domain, in  1.051 seconds
Domain Reload Profiling: 1634ms
	BeginReloadAssembly (191ms)
		ExecutionOrderSort (0ms)
		DisableScriptedObjects (12ms)
		BackupInstance (0ms)
		ReleaseScriptingObjects (0ms)
		CreateAndSetChildDomain (41ms)
	RebuildCommonClasses (34ms)
	RebuildNativeTypeToScriptingClass (12ms)
	initialDomainReloadingComplete (37ms)
	LoadAllAssembliesAndSetupDomain (308ms)
		LoadAssemblies (353ms)
		RebuildTransferFunctionScriptingTraits (0ms)
		AnalyzeDomain (43ms)
			TypeCache.Refresh (16ms)
				TypeCache.ScanAssembly (1ms)
			ScanForSourceGeneratedMonoScriptInfo (15ms)
			ResolveRequiredComponents (10ms)
	FinalizeReload (1051ms)
		ReleaseScriptCaches (0ms)
		RebuildScriptCaches (0ms)
		SetupLoadedEditorAssemblies (386ms)
			LogAssemblyErrors (0ms)
			InitializePlatformSupportModulesInManaged (16ms)
			SetLoadedEditorAssemblies (3ms)
			RefreshPlugins (0ms)
			BeforeProcessingInitializeOnLoad (69ms)
			ProcessInitializeOnLoadAttributes (257ms)
			ProcessInitializeOnLoadMethodAttributes (33ms)
			AfterProcessingInitializeOnLoad (9ms)
			EditorAssembliesLoaded (0ms)
		ExecutionOrderSort2 (0ms)
		AwakeInstancesAfterBackupRestoration (10ms)
Refreshing native plugins compatible for Editor in 9.54 ms, found 4 plugins.
Preloading 0 native plugins for Editor in 0.00 ms.
Unloading 4480 Unused Serialized files (Serialized files now loaded: 0)
Unloading 20 unused Assets / (112.2 KB). Loaded Objects now: 5369.
Memory consumption went from 158.1 MB to 158.0 MB.
Total: 3.446700 ms (FindLiveObjects: 0.330200 ms CreateObjectMapping: 0.119400 ms MarkObjects: 2.924200 ms  DeleteObjects: 0.071800 ms)

Prepare: number of updated asset objects reloaded= 0
AssetImportParameters requested are different than current active one (requested -> active):
  custom:container-demuxer-ogg: 62fdf1f143b41e24485cea50d1cbac27 -> 
  custom:video-codec-MediaFoundation-h265: 746d11721c4dcdbdad8f713fa42b33f4 -> 
  custom:video-decoder-ogg-theora: a1e56fd34408186e4bbccfd4996cb3dc -> 
  custom:framework-win-MediaFoundation: 216162199b28c13a410421893ffa2e32 -> 
  custom:CustomObjectIndexerAttribute: 9a22284fe3817be447336de3de66b15e -> 
  custom:container-demuxer-webm: 4f35f7cbe854078d1ac9338744f61a02 -> 
  custom:container-muxer-webm: aa71ff27fc2769a1b78a27578f13a17b -> 
  custom:video-decoder-webm-vp8: 9c59270c3fd7afecdb556c50c9e8de78 -> 
  custom:SearchIndexIgnoredProperties: e643bd26f0fe6173181afceb89e7c659 -> 
  custom:AudioImporter_EditorPlatform: d09bf68614088b80899f8185d706f6e7 -> 
  custom:video-encoder-webm-vp8: eb34c28f22e8b96e1ab97ce403110664 -> 
  custom:audio-decoder-ogg-vorbis: bf7c407c2cedff20999df2af8eb42d56 -> 
  custom:scripting/monoscript/fileName/MainMenuCoinDisplay.cs: 145d5a3e9ba21299e4f3d41e009c4419 -> 
  custom:audio-encoder-webm-vorbis: bf7c407c2cedff20999df2af8eb42d56 -> 
  custom:scripting/monoscript/fileName/ScoreManager.cs: 2117df56b7ba23abd331d761e713022a -> 
  custom:scripting/precompiled-assembly-types:Assembly-CSharp: bd8e7985b0e5383a90fcd111f499cd25 -> 1d189b278584937dbe15bd548035eb59
========================================================================
Received Prepare
Caller must complete domain reload
0x00007ff74200da7d (Unity) StackWalker::GetCurrentCallstack
0x00007ff742012b59 (Unity) StackWalker::ShowCallstack
0x00007ff743000a11 (Unity) GetStacktrace
0x00007ff7436bba5e (Unity) DebugStringToFile
0x00007ff7436bb79a (Unity) AssertImplementation
0x00007ff742e9e99c (Unity) Internal_ADB_WorkerOnly_DomainReload
0x00007ff743385074 (Unity) WorkerDomainReloadV2
0x00007ff7433a6285 (Unity) <lambda_b37b41f03089e3cb3f55061bbc93253d>::operator()
0x00007ff7433e1a92 (Unity) asio::detail::completion_handler<core::mutable_function<void __cdecl(void)>,asio::io_context::basic_executor_type<std::allocator<void>,0> >::do_complete
0x00007ff7433cda3e (Unity) asio::detail::win_iocp_io_context::do_one
0x00007ff7433cf6a4 (Unity) asio::detail::win_iocp_io_context::run
0x00007ff7433dfe3c (Unity) IOService::Run
0x00007ff7433b32bf (Unity) AssetImportWorkerClient::Run
0x00007ff74337ec27 (Unity) RunAssetImportWorkerClientV2
0x00007ff74337ecab (Unity) RunAssetImporterV2
0x00007ff742b7867e (Unity) Application::InitializeProject
0x00007ff74300b6a5 (Unity) WinMain
0x00007ff7443bd35e (Unity) __scrt_common_main_seh
0x00007ffc72c6e8d7 (KERNEL32) BaseThreadInitThunk
0x00007ffc734bbf2c (ntdll) RtlUserThreadStart

Begin MonoManager ReloadAssembly
- Loaded All Assemblies, in  0.450 seconds
Native extension for WindowsStandalone target not found
Native extension for Android target not found
Mono: successfully reloaded assembly
[Package Manager] Server::EnsureServerProcessIsRunning -- launch failed, reason: Unity was launched with the -noUpm command-line argument
[Package Manager] UpmClient::Send -- Unable to send message (not connected to UPM process).
[Package Manager] Cannot connect to Unity Package Manager local server
- Finished resetting the current domain, in  1.128 seconds
Domain Reload Profiling: 1571ms
	BeginReloadAssembly (145ms)
		ExecutionOrderSort (0ms)
		DisableScriptedObjects (9ms)
		BackupInstance (0ms)
		ReleaseScriptingObjects (0ms)
		CreateAndSetChildDomain (35ms)
	RebuildCommonClasses (26ms)
	RebuildNativeTypeToScriptingClass (15ms)
	initialDomainReloadingComplete (31ms)
	LoadAllAssembliesAndSetupDomain (225ms)
		LoadAssemblies (281ms)
		RebuildTransferFunctionScriptingTraits (0ms)
		AnalyzeDomain (16ms)
			TypeCache.Refresh (8ms)
				TypeCache.ScanAssembly (0ms)
			ScanForSourceGeneratedMonoScriptInfo (0ms)
			ResolveRequiredComponents (6ms)
	FinalizeReload (1128ms)
		ReleaseScriptCaches (0ms)
		RebuildScriptCaches (0ms)
		SetupLoadedEditorAssemblies (450ms)
			LogAssemblyErrors (0ms)
			InitializePlatformSupportModulesInManaged (23ms)
			SetLoadedEditorAssemblies (5ms)
			RefreshPlugins (0ms)
			BeforeProcessingInitializeOnLoad (93ms)
			ProcessInitializeOnLoadAttributes (287ms)
			ProcessInitializeOnLoadMethodAttributes (30ms)
			AfterProcessingInitializeOnLoad (10ms)
			EditorAssembliesLoaded (0ms)
		ExecutionOrderSort2 (0ms)
		AwakeInstancesAfterBackupRestoration (12ms)
Refreshing native plugins compatible for Editor in 10.44 ms, found 4 plugins.
Preloading 0 native plugins for Editor in 0.00 ms.
Unloading 4480 Unused Serialized files (Serialized files now loaded: 0)
Unloading 20 unused Assets / (112.1 KB). Loaded Objects now: 5385.
Memory consumption went from 158.0 MB to 157.9 MB.
Total: 3.745100 ms (FindLiveObjects: 0.439600 ms CreateObjectMapping: 0.177100 ms MarkObjects: 3.049800 ms  DeleteObjects: 0.077400 ms)

Prepare: number of updated asset objects reloaded= 0
AssetImportParameters requested are different than current active one (requested -> active):
  custom:container-demuxer-ogg: 62fdf1f143b41e24485cea50d1cbac27 -> 
  custom:video-codec-MediaFoundation-h265: 746d11721c4dcdbdad8f713fa42b33f4 -> 
  custom:video-decoder-ogg-theora: a1e56fd34408186e4bbccfd4996cb3dc -> 
  custom:framework-win-MediaFoundation: 216162199b28c13a410421893ffa2e32 -> 
  custom:CustomObjectIndexerAttribute: 9a22284fe3817be447336de3de66b15e -> 
  custom:container-demuxer-webm: 4f35f7cbe854078d1ac9338744f61a02 -> 
  custom:container-muxer-webm: aa71ff27fc2769a1b78a27578f13a17b -> 
  custom:video-decoder-webm-vp8: 9c59270c3fd7afecdb556c50c9e8de78 -> 
  custom:SearchIndexIgnoredProperties: e643bd26f0fe6173181afceb89e7c659 -> 
  custom:AudioImporter_EditorPlatform: d09bf68614088b80899f8185d706f6e7 -> 
  custom:video-encoder-webm-vp8: eb34c28f22e8b96e1ab97ce403110664 -> 
  custom:audio-decoder-ogg-vorbis: bf7c407c2cedff20999df2af8eb42d56 -> 
  custom:scripting/monoscript/fileName/MainMenuCoinDisplay.cs: 145d5a3e9ba21299e4f3d41e009c4419 -> 
  custom:audio-encoder-webm-vorbis: bf7c407c2cedff20999df2af8eb42d56 -> 
  custom:scripting/monoscript/fileName/ScoreManager.cs: 2117df56b7ba23abd331d761e713022a -> 
  custom:scripting/precompiled-assembly-types:Assembly-CSharp: bd8e7985b0e5383a90fcd111f499cd25 -> 1d189b278584937dbe15bd548035eb59
========================================================================
Received Prepare
Caller must complete domain reload
0x00007ff74200da7d (Unity) StackWalker::GetCurrentCallstack
0x00007ff742012b59 (Unity) StackWalker::ShowCallstack
0x00007ff743000a11 (Unity) GetStacktrace
0x00007ff7436bba5e (Unity) DebugStringToFile
0x00007ff7436bb79a (Unity) AssertImplementation
0x00007ff742e9e99c (Unity) Internal_ADB_WorkerOnly_DomainReload
0x00007ff743385074 (Unity) WorkerDomainReloadV2
0x00007ff7433a6285 (Unity) <lambda_b37b41f03089e3cb3f55061bbc93253d>::operator()
0x00007ff7433e1a92 (Unity) asio::detail::completion_handler<core::mutable_function<void __cdecl(void)>,asio::io_context::basic_executor_type<std::allocator<void>,0> >::do_complete
0x00007ff7433cda3e (Unity) asio::detail::win_iocp_io_context::do_one
0x00007ff7433cf6a4 (Unity) asio::detail::win_iocp_io_context::run
0x00007ff7433dfe3c (Unity) IOService::Run
0x00007ff7433b32bf (Unity) AssetImportWorkerClient::Run
0x00007ff74337ec27 (Unity) RunAssetImportWorkerClientV2
0x00007ff74337ecab (Unity) RunAssetImporterV2
0x00007ff742b7867e (Unity) Application::InitializeProject
0x00007ff74300b6a5 (Unity) WinMain
0x00007ff7443bd35e (Unity) __scrt_common_main_seh
0x00007ffc72c6e8d7 (KERNEL32) BaseThreadInitThunk
0x00007ffc734bbf2c (ntdll) RtlUserThreadStart

Begin MonoManager ReloadAssembly
- Loaded All Assemblies, in  0.444 seconds
Native extension for WindowsStandalone target not found
Native extension for Android target not found
Mono: successfully reloaded assembly
[Package Manager] Server::EnsureServerProcessIsRunning -- launch failed, reason: Unity was launched with the -noUpm command-line argument
[Package Manager] UpmClient::Send -- Unable to send message (not connected to UPM process).
[Package Manager] Cannot connect to Unity Package Manager local server
- Finished resetting the current domain, in  1.177 seconds
Domain Reload Profiling: 1615ms
	BeginReloadAssembly (138ms)
		ExecutionOrderSort (0ms)
		DisableScriptedObjects (9ms)
		BackupInstance (0ms)
		ReleaseScriptingObjects (0ms)
		CreateAndSetChildDomain (30ms)
	RebuildCommonClasses (27ms)
	RebuildNativeTypeToScriptingClass (10ms)
	initialDomainReloadingComplete (30ms)
	LoadAllAssembliesAndSetupDomain (233ms)
		LoadAssemblies (283ms)
		RebuildTransferFunctionScriptingTraits (0ms)
		AnalyzeDomain (17ms)
			TypeCache.Refresh (8ms)
				TypeCache.ScanAssembly (0ms)
			ScanForSourceGeneratedMonoScriptInfo (0ms)
			ResolveRequiredComponents (7ms)
	FinalizeReload (1177ms)
		ReleaseScriptCaches (0ms)
		RebuildScriptCaches (0ms)
		SetupLoadedEditorAssemblies (424ms)
			LogAssemblyErrors (0ms)
			InitializePlatformSupportModulesInManaged (21ms)
			SetLoadedEditorAssemblies (4ms)
			RefreshPlugins (0ms)
			BeforeProcessingInitializeOnLoad (80ms)
			ProcessInitializeOnLoadAttributes (278ms)
			ProcessInitializeOnLoadMethodAttributes (33ms)
			AfterProcessingInitializeOnLoad (8ms)
			EditorAssembliesLoaded (0ms)
		ExecutionOrderSort2 (0ms)
		AwakeInstancesAfterBackupRestoration (12ms)
Refreshing native plugins compatible for Editor in 9.15 ms, found 4 plugins.
Preloading 0 native plugins for Editor in 0.00 ms.
Unloading 4480 Unused Serialized files (Serialized files now loaded: 0)
Unloading 20 unused Assets / (112.0 KB). Loaded Objects now: 5401.
Memory consumption went from 158.1 MB to 157.9 MB.
Total: 3.713300 ms (FindLiveObjects: 0.379300 ms CreateObjectMapping: 0.158200 ms MarkObjects: 3.112700 ms  DeleteObjects: 0.061000 ms)

Prepare: number of updated asset objects reloaded= 0
AssetImportParameters requested are different than current active one (requested -> active):
  custom:container-demuxer-ogg: 62fdf1f143b41e24485cea50d1cbac27 -> 
  custom:video-codec-MediaFoundation-h265: 746d11721c4dcdbdad8f713fa42b33f4 -> 
  custom:video-decoder-ogg-theora: a1e56fd34408186e4bbccfd4996cb3dc -> 
  custom:framework-win-MediaFoundation: 216162199b28c13a410421893ffa2e32 -> 
  custom:CustomObjectIndexerAttribute: 9a22284fe3817be447336de3de66b15e -> 
  custom:container-demuxer-webm: 4f35f7cbe854078d1ac9338744f61a02 -> 
  custom:container-muxer-webm: aa71ff27fc2769a1b78a27578f13a17b -> 
  custom:video-decoder-webm-vp8: 9c59270c3fd7afecdb556c50c9e8de78 -> 
  custom:SearchIndexIgnoredProperties: e643bd26f0fe6173181afceb89e7c659 -> 
  custom:AudioImporter_EditorPlatform: d09bf68614088b80899f8185d706f6e7 -> 
  custom:video-encoder-webm-vp8: eb34c28f22e8b96e1ab97ce403110664 -> 
  custom:audio-decoder-ogg-vorbis: bf7c407c2cedff20999df2af8eb42d56 -> 
  custom:scripting/monoscript/fileName/MainMenuCoinDisplay.cs: 145d5a3e9ba21299e4f3d41e009c4419 -> 
  custom:audio-encoder-webm-vorbis: bf7c407c2cedff20999df2af8eb42d56 -> 
  custom:scripting/monoscript/fileName/ScoreManager.cs: 2117df56b7ba23abd331d761e713022a -> 
  custom:scripting/precompiled-assembly-types:Assembly-CSharp: bd8e7985b0e5383a90fcd111f499cd25 -> 1d189b278584937dbe15bd548035eb59
========================================================================
Received Prepare
Caller must complete domain reload
0x00007ff74200da7d (Unity) StackWalker::GetCurrentCallstack
0x00007ff742012b59 (Unity) StackWalker::ShowCallstack
0x00007ff743000a11 (Unity) GetStacktrace
0x00007ff7436bba5e (Unity) DebugStringToFile
0x00007ff7436bb79a (Unity) AssertImplementation
0x00007ff742e9e99c (Unity) Internal_ADB_WorkerOnly_DomainReload
0x00007ff743385074 (Unity) WorkerDomainReloadV2
0x00007ff7433a6285 (Unity) <lambda_b37b41f03089e3cb3f55061bbc93253d>::operator()
0x00007ff7433e1a92 (Unity) asio::detail::completion_handler<core::mutable_function<void __cdecl(void)>,asio::io_context::basic_executor_type<std::allocator<void>,0> >::do_complete
0x00007ff7433cda3e (Unity) asio::detail::win_iocp_io_context::do_one
0x00007ff7433cf6a4 (Unity) asio::detail::win_iocp_io_context::run
0x00007ff7433dfe3c (Unity) IOService::Run
0x00007ff7433b32bf (Unity) AssetImportWorkerClient::Run
0x00007ff74337ec27 (Unity) RunAssetImportWorkerClientV2
0x00007ff74337ecab (Unity) RunAssetImporterV2
0x00007ff742b7867e (Unity) Application::InitializeProject
0x00007ff74300b6a5 (Unity) WinMain
0x00007ff7443bd35e (Unity) __scrt_common_main_seh
0x00007ffc72c6e8d7 (KERNEL32) BaseThreadInitThunk
0x00007ffc734bbf2c (ntdll) RtlUserThreadStart

Begin MonoManager ReloadAssembly
- Loaded All Assemblies, in  0.446 seconds
Native extension for WindowsStandalone target not found
Native extension for Android target not found
Mono: successfully reloaded assembly
[Package Manager] Server::EnsureServerProcessIsRunning -- launch failed, reason: Unity was launched with the -noUpm command-line argument
[Package Manager] UpmClient::Send -- Unable to send message (not connected to UPM process).
[Package Manager] Cannot connect to Unity Package Manager local server
- Finished resetting the current domain, in  1.105 seconds
Domain Reload Profiling: 1545ms
	BeginReloadAssembly (134ms)
		ExecutionOrderSort (0ms)
		DisableScriptedObjects (10ms)
		BackupInstance (0ms)
		ReleaseScriptingObjects (0ms)
		CreateAndSetChildDomain (30ms)
	RebuildCommonClasses (26ms)
	RebuildNativeTypeToScriptingClass (9ms)
	initialDomainReloadingComplete (43ms)
	LoadAllAssembliesAndSetupDomain (227ms)
		LoadAssemblies (277ms)
		RebuildTransferFunctionScriptingTraits (0ms)
		AnalyzeDomain (15ms)
			TypeCache.Refresh (7ms)
				TypeCache.ScanAssembly (0ms)
			ScanForSourceGeneratedMonoScriptInfo (0ms)
			ResolveRequiredComponents (6ms)
	FinalizeReload (1105ms)
		ReleaseScriptCaches (0ms)
		RebuildScriptCaches (0ms)
		SetupLoadedEditorAssemblies (437ms)
			LogAssemblyErrors (0ms)
			InitializePlatformSupportModulesInManaged (20ms)
			SetLoadedEditorAssemblies (4ms)
			RefreshPlugins (0ms)
			BeforeProcessingInitializeOnLoad (85ms)
			ProcessInitializeOnLoadAttributes (289ms)
			ProcessInitializeOnLoadMethodAttributes (29ms)
			AfterProcessingInitializeOnLoad (9ms)
			EditorAssembliesLoaded (1ms)
		ExecutionOrderSort2 (0ms)
		AwakeInstancesAfterBackupRestoration (13ms)
Refreshing native plugins compatible for Editor in 11.49 ms, found 4 plugins.
Preloading 0 native plugins for Editor in 0.00 ms.
Unloading 4480 Unused Serialized files (Serialized files now loaded: 0)
Unloading 20 unused Assets / (112.1 KB). Loaded Objects now: 5417.
Memory consumption went from 158.1 MB to 158.0 MB.
Total: 3.827700 ms (FindLiveObjects: 0.405200 ms CreateObjectMapping: 0.295500 ms MarkObjects: 3.055500 ms  DeleteObjects: 0.070400 ms)

Prepare: number of updated asset objects reloaded= 0
AssetImportParameters requested are different than current active one (requested -> active):
  custom:container-demuxer-ogg: 62fdf1f143b41e24485cea50d1cbac27 -> 
  custom:video-codec-MediaFoundation-h265: 746d11721c4dcdbdad8f713fa42b33f4 -> 
  custom:video-decoder-ogg-theora: a1e56fd34408186e4bbccfd4996cb3dc -> 
  custom:framework-win-MediaFoundation: 216162199b28c13a410421893ffa2e32 -> 
  custom:CustomObjectIndexerAttribute: 9a22284fe3817be447336de3de66b15e -> 
  custom:container-demuxer-webm: 4f35f7cbe854078d1ac9338744f61a02 -> 
  custom:container-muxer-webm: aa71ff27fc2769a1b78a27578f13a17b -> 
  custom:video-decoder-webm-vp8: 9c59270c3fd7afecdb556c50c9e8de78 -> 
  custom:SearchIndexIgnoredProperties: e643bd26f0fe6173181afceb89e7c659 -> 
  custom:AudioImporter_EditorPlatform: d09bf68614088b80899f8185d706f6e7 -> 
  custom:video-encoder-webm-vp8: eb34c28f22e8b96e1ab97ce403110664 -> 
  custom:audio-decoder-ogg-vorbis: bf7c407c2cedff20999df2af8eb42d56 -> 
  custom:scripting/monoscript/fileName/MainMenuCoinDisplay.cs: 145d5a3e9ba21299e4f3d41e009c4419 -> 
  custom:audio-encoder-webm-vorbis: bf7c407c2cedff20999df2af8eb42d56 -> 
  custom:scripting/monoscript/fileName/ScoreManager.cs: 2117df56b7ba23abd331d761e713022a -> 
  custom:scripting/precompiled-assembly-types:Assembly-CSharp: bd8e7985b0e5383a90fcd111f499cd25 -> 1d189b278584937dbe15bd548035eb59
========================================================================
Received Prepare
Caller must complete domain reload
0x00007ff74200da7d (Unity) StackWalker::GetCurrentCallstack
0x00007ff742012b59 (Unity) StackWalker::ShowCallstack
0x00007ff743000a11 (Unity) GetStacktrace
0x00007ff7436bba5e (Unity) DebugStringToFile
0x00007ff7436bb79a (Unity) AssertImplementation
0x00007ff742e9e99c (Unity) Internal_ADB_WorkerOnly_DomainReload
0x00007ff743385074 (Unity) WorkerDomainReloadV2
0x00007ff7433a6285 (Unity) <lambda_b37b41f03089e3cb3f55061bbc93253d>::operator()
0x00007ff7433e1a92 (Unity) asio::detail::completion_handler<core::mutable_function<void __cdecl(void)>,asio::io_context::basic_executor_type<std::allocator<void>,0> >::do_complete
0x00007ff7433cda3e (Unity) asio::detail::win_iocp_io_context::do_one
0x00007ff7433cf6a4 (Unity) asio::detail::win_iocp_io_context::run
0x00007ff7433dfe3c (Unity) IOService::Run
0x00007ff7433b32bf (Unity) AssetImportWorkerClient::Run
0x00007ff74337ec27 (Unity) RunAssetImportWorkerClientV2
0x00007ff74337ecab (Unity) RunAssetImporterV2
0x00007ff742b7867e (Unity) Application::InitializeProject
0x00007ff74300b6a5 (Unity) WinMain
0x00007ff7443bd35e (Unity) __scrt_common_main_seh
0x00007ffc72c6e8d7 (KERNEL32) BaseThreadInitThunk
0x00007ffc734bbf2c (ntdll) RtlUserThreadStart

Begin MonoManager ReloadAssembly
- Loaded All Assemblies, in  0.489 seconds
Native extension for WindowsStandalone target not found
Native extension for Android target not found
Mono: successfully reloaded assembly
[Package Manager] Server::EnsureServerProcessIsRunning -- launch failed, reason: Unity was launched with the -noUpm command-line argument
[Package Manager] UpmClient::Send -- Unable to send message (not connected to UPM process).
[Package Manager] Cannot connect to Unity Package Manager local server
- Finished resetting the current domain, in  1.144 seconds
Domain Reload Profiling: 1626ms
	BeginReloadAssembly (156ms)
		ExecutionOrderSort (0ms)
		DisableScriptedObjects (10ms)
		BackupInstance (0ms)
		ReleaseScriptingObjects (0ms)
		CreateAndSetChildDomain (34ms)
	RebuildCommonClasses (38ms)
	RebuildNativeTypeToScriptingClass (10ms)
	initialDomainReloadingComplete (34ms)
	LoadAllAssembliesAndSetupDomain (243ms)
		LoadAssemblies (309ms)
		RebuildTransferFunctionScriptingTraits (0ms)
		AnalyzeDomain (15ms)
			TypeCache.Refresh (6ms)
				TypeCache.ScanAssembly (0ms)
			ScanForSourceGeneratedMonoScriptInfo (0ms)
			ResolveRequiredComponents (6ms)
	FinalizeReload (1145ms)
		ReleaseScriptCaches (0ms)
		RebuildScriptCaches (0ms)
		SetupLoadedEditorAssemblies (440ms)
			LogAssemblyErrors (0ms)
			InitializePlatformSupportModulesInManaged (23ms)
			SetLoadedEditorAssemblies (4ms)
			RefreshPlugins (0ms)
			BeforeProcessingInitializeOnLoad (95ms)
			ProcessInitializeOnLoadAttributes (281ms)
			ProcessInitializeOnLoadMethodAttributes (29ms)
			AfterProcessingInitializeOnLoad (9ms)
			EditorAssembliesLoaded (0ms)
		ExecutionOrderSort2 (0ms)
		AwakeInstancesAfterBackupRestoration (14ms)
Refreshing native plugins compatible for Editor in 11.50 ms, found 4 plugins.
Preloading 0 native plugins for Editor in 0.00 ms.
Unloading 4480 Unused Serialized files (Serialized files now loaded: 0)
Unloading 20 unused Assets / (112.1 KB). Loaded Objects now: 5433.
Memory consumption went from 158.3 MB to 158.2 MB.
Total: 4.216500 ms (FindLiveObjects: 0.384900 ms CreateObjectMapping: 0.214200 ms MarkObjects: 3.384900 ms  DeleteObjects: 0.231400 ms)

Prepare: number of updated asset objects reloaded= 0
AssetImportParameters requested are different than current active one (requested -> active):
  custom:container-demuxer-ogg: 62fdf1f143b41e24485cea50d1cbac27 -> 
  custom:video-codec-MediaFoundation-h265: 746d11721c4dcdbdad8f713fa42b33f4 -> 
  custom:video-decoder-ogg-theora: a1e56fd34408186e4bbccfd4996cb3dc -> 
  custom:framework-win-MediaFoundation: 216162199b28c13a410421893ffa2e32 -> 
  custom:CustomObjectIndexerAttribute: 9a22284fe3817be447336de3de66b15e -> 
  custom:container-demuxer-webm: 4f35f7cbe854078d1ac9338744f61a02 -> 
  custom:container-muxer-webm: aa71ff27fc2769a1b78a27578f13a17b -> 
  custom:video-decoder-webm-vp8: 9c59270c3fd7afecdb556c50c9e8de78 -> 
  custom:SearchIndexIgnoredProperties: e643bd26f0fe6173181afceb89e7c659 -> 
  custom:AudioImporter_EditorPlatform: d09bf68614088b80899f8185d706f6e7 -> 
  custom:video-encoder-webm-vp8: eb34c28f22e8b96e1ab97ce403110664 -> 
  custom:audio-decoder-ogg-vorbis: bf7c407c2cedff20999df2af8eb42d56 -> 
  custom:scripting/monoscript/fileName/MainMenuCoinDisplay.cs: 145d5a3e9ba21299e4f3d41e009c4419 -> 
  custom:audio-encoder-webm-vorbis: bf7c407c2cedff20999df2af8eb42d56 -> 
  custom:scripting/monoscript/fileName/ScoreManager.cs: 2117df56b7ba23abd331d761e713022a -> 
  custom:scripting/precompiled-assembly-types:Assembly-CSharp: bd8e7985b0e5383a90fcd111f499cd25 -> 1d189b278584937dbe15bd548035eb59
========================================================================
Received Prepare
Caller must complete domain reload
0x00007ff74200da7d (Unity) StackWalker::GetCurrentCallstack
0x00007ff742012b59 (Unity) StackWalker::ShowCallstack
0x00007ff743000a11 (Unity) GetStacktrace
0x00007ff7436bba5e (Unity) DebugStringToFile
0x00007ff7436bb79a (Unity) AssertImplementation
0x00007ff742e9e99c (Unity) Internal_ADB_WorkerOnly_DomainReload
0x00007ff743385074 (Unity) WorkerDomainReloadV2
0x00007ff7433a6285 (Unity) <lambda_b37b41f03089e3cb3f55061bbc93253d>::operator()
0x00007ff7433e1a92 (Unity) asio::detail::completion_handler<core::mutable_function<void __cdecl(void)>,asio::io_context::basic_executor_type<std::allocator<void>,0> >::do_complete
0x00007ff7433cda3e (Unity) asio::detail::win_iocp_io_context::do_one
0x00007ff7433cf6a4 (Unity) asio::detail::win_iocp_io_context::run
0x00007ff7433dfe3c (Unity) IOService::Run
0x00007ff7433b32bf (Unity) AssetImportWorkerClient::Run
0x00007ff74337ec27 (Unity) RunAssetImportWorkerClientV2
0x00007ff74337ecab (Unity) RunAssetImporterV2
0x00007ff742b7867e (Unity) Application::InitializeProject
0x00007ff74300b6a5 (Unity) WinMain
0x00007ff7443bd35e (Unity) __scrt_common_main_seh
0x00007ffc72c6e8d7 (KERNEL32) BaseThreadInitThunk
0x00007ffc734bbf2c (ntdll) RtlUserThreadStart

Begin MonoManager ReloadAssembly
- Loaded All Assemblies, in  0.563 seconds
Native extension for WindowsStandalone target not found
Native extension for Android target not found
Mono: successfully reloaded assembly
[Package Manager] Server::EnsureServerProcessIsRunning -- launch failed, reason: Unity was launched with the -noUpm command-line argument
[Package Manager] UpmClient::Send -- Unable to send message (not connected to UPM process).
[Package Manager] Cannot connect to Unity Package Manager local server
- Finished resetting the current domain, in  1.804 seconds
Domain Reload Profiling: 2360ms
	BeginReloadAssembly (167ms)
		ExecutionOrderSort (0ms)
		DisableScriptedObjects (9ms)
		BackupInstance (0ms)
		ReleaseScriptingObjects (0ms)
		CreateAndSetChildDomain (34ms)
	RebuildCommonClasses (44ms)
	RebuildNativeTypeToScriptingClass (11ms)
	initialDomainReloadingComplete (35ms)
	LoadAllAssembliesAndSetupDomain (299ms)
		LoadAssemblies (358ms)
		RebuildTransferFunctionScriptingTraits (0ms)
		AnalyzeDomain (34ms)
			TypeCache.Refresh (12ms)
				TypeCache.ScanAssembly (0ms)
			ScanForSourceGeneratedMonoScriptInfo (12ms)
			ResolveRequiredComponents (8ms)
	FinalizeReload (1804ms)
		ReleaseScriptCaches (0ms)
		RebuildScriptCaches (0ms)
		SetupLoadedEditorAssemblies (439ms)
			LogAssemblyErrors (0ms)
			InitializePlatformSupportModulesInManaged (20ms)
			SetLoadedEditorAssemblies (4ms)
			RefreshPlugins (0ms)
			BeforeProcessingInitializeOnLoad (87ms)
			ProcessInitializeOnLoadAttributes (290ms)
			ProcessInitializeOnLoadMethodAttributes (30ms)
			AfterProcessingInitializeOnLoad (8ms)
			EditorAssembliesLoaded (0ms)
		ExecutionOrderSort2 (0ms)
		AwakeInstancesAfterBackupRestoration (13ms)
Refreshing native plugins compatible for Editor in 11.32 ms, found 4 plugins.
Preloading 0 native plugins for Editor in 0.00 ms.
Unloading 4480 Unused Serialized files (Serialized files now loaded: 0)
Unloading 20 unused Assets / (112.1 KB). Loaded Objects now: 5449.
Memory consumption went from 158.3 MB to 158.2 MB.
Total: 3.390400 ms (FindLiveObjects: 0.431700 ms CreateObjectMapping: 0.222200 ms MarkObjects: 2.667900 ms  DeleteObjects: 0.067500 ms)

Prepare: number of updated asset objects reloaded= 0
AssetImportParameters requested are different than current active one (requested -> active):
  custom:container-demuxer-ogg: 62fdf1f143b41e24485cea50d1cbac27 -> 
  custom:video-codec-MediaFoundation-h265: 746d11721c4dcdbdad8f713fa42b33f4 -> 
  custom:video-decoder-ogg-theora: a1e56fd34408186e4bbccfd4996cb3dc -> 
  custom:framework-win-MediaFoundation: 216162199b28c13a410421893ffa2e32 -> 
  custom:CustomObjectIndexerAttribute: 9a22284fe3817be447336de3de66b15e -> 
  custom:container-demuxer-webm: 4f35f7cbe854078d1ac9338744f61a02 -> 
  custom:container-muxer-webm: aa71ff27fc2769a1b78a27578f13a17b -> 
  custom:video-decoder-webm-vp8: 9c59270c3fd7afecdb556c50c9e8de78 -> 
  custom:SearchIndexIgnoredProperties: e643bd26f0fe6173181afceb89e7c659 -> 
  custom:AudioImporter_EditorPlatform: d09bf68614088b80899f8185d706f6e7 -> 
  custom:video-encoder-webm-vp8: eb34c28f22e8b96e1ab97ce403110664 -> 
  custom:audio-decoder-ogg-vorbis: bf7c407c2cedff20999df2af8eb42d56 -> 
  custom:scripting/monoscript/fileName/MainMenuCoinDisplay.cs: 145d5a3e9ba21299e4f3d41e009c4419 -> 
  custom:audio-encoder-webm-vorbis: bf7c407c2cedff20999df2af8eb42d56 -> 
  custom:scripting/monoscript/fileName/ScoreManager.cs: 2117df56b7ba23abd331d761e713022a -> 
  custom:scripting/precompiled-assembly-types:Assembly-CSharp: bd8e7985b0e5383a90fcd111f499cd25 -> 1d189b278584937dbe15bd548035eb59
========================================================================
Received Prepare
Caller must complete domain reload
0x00007ff74200da7d (Unity) StackWalker::GetCurrentCallstack
0x00007ff742012b59 (Unity) StackWalker::ShowCallstack
0x00007ff743000a11 (Unity) GetStacktrace
0x00007ff7436bba5e (Unity) DebugStringToFile
0x00007ff7436bb79a (Unity) AssertImplementation
0x00007ff742e9e99c (Unity) Internal_ADB_WorkerOnly_DomainReload
0x00007ff743385074 (Unity) WorkerDomainReloadV2
0x00007ff7433a6285 (Unity) <lambda_b37b41f03089e3cb3f55061bbc93253d>::operator()
0x00007ff7433e1a92 (Unity) asio::detail::completion_handler<core::mutable_function<void __cdecl(void)>,asio::io_context::basic_executor_type<std::allocator<void>,0> >::do_complete
0x00007ff7433cda3e (Unity) asio::detail::win_iocp_io_context::do_one
0x00007ff7433cf6a4 (Unity) asio::detail::win_iocp_io_context::run
0x00007ff7433dfe3c (Unity) IOService::Run
0x00007ff7433b32bf (Unity) AssetImportWorkerClient::Run
0x00007ff74337ec27 (Unity) RunAssetImportWorkerClientV2
0x00007ff74337ecab (Unity) RunAssetImporterV2
0x00007ff742b7867e (Unity) Application::InitializeProject
0x00007ff74300b6a5 (Unity) WinMain
0x00007ff7443bd35e (Unity) __scrt_common_main_seh
0x00007ffc72c6e8d7 (KERNEL32) BaseThreadInitThunk
0x00007ffc734bbf2c (ntdll) RtlUserThreadStart

Begin MonoManager ReloadAssembly
- Loaded All Assemblies, in  0.477 seconds
Native extension for WindowsStandalone target not found
Native extension for Android target not found
Mono: successfully reloaded assembly
[Package Manager] Server::EnsureServerProcessIsRunning -- launch failed, reason: Unity was launched with the -noUpm command-line argument
[Package Manager] UpmClient::Send -- Unable to send message (not connected to UPM process).
[Package Manager] Cannot connect to Unity Package Manager local server
- Finished resetting the current domain, in  1.264 seconds
Domain Reload Profiling: 1736ms
	BeginReloadAssembly (139ms)
		ExecutionOrderSort (0ms)
		DisableScriptedObjects (10ms)
		BackupInstance (0ms)
		ReleaseScriptingObjects (0ms)
		CreateAndSetChildDomain (28ms)
	RebuildCommonClasses (30ms)
	RebuildNativeTypeToScriptingClass (15ms)
	initialDomainReloadingComplete (34ms)
	LoadAllAssembliesAndSetupDomain (254ms)
		LoadAssemblies (305ms)
		RebuildTransferFunctionScriptingTraits (0ms)
		AnalyzeDomain (17ms)
			TypeCache.Refresh (8ms)
				TypeCache.ScanAssembly (0ms)
			ScanForSourceGeneratedMonoScriptInfo (0ms)
			ResolveRequiredComponents (6ms)
	FinalizeReload (1264ms)
		ReleaseScriptCaches (0ms)
		RebuildScriptCaches (0ms)
		SetupLoadedEditorAssemblies (529ms)
			LogAssemblyErrors (0ms)
			InitializePlatformSupportModulesInManaged (24ms)
			SetLoadedEditorAssemblies (4ms)
			RefreshPlugins (0ms)
			BeforeProcessingInitializeOnLoad (113ms)
			ProcessInitializeOnLoadAttributes (347ms)
			ProcessInitializeOnLoadMethodAttributes (32ms)
			AfterProcessingInitializeOnLoad (9ms)
			EditorAssembliesLoaded (0ms)
		ExecutionOrderSort2 (0ms)
		AwakeInstancesAfterBackupRestoration (12ms)
Refreshing native plugins compatible for Editor in 11.34 ms, found 4 plugins.
Preloading 0 native plugins for Editor in 0.00 ms.
Unloading 4480 Unused Serialized files (Serialized files now loaded: 0)
Unloading 20 unused Assets / (112.1 KB). Loaded Objects now: 5465.
Memory consumption went from 158.3 MB to 158.2 MB.
Total: 3.740600 ms (FindLiveObjects: 0.434800 ms CreateObjectMapping: 0.209600 ms MarkObjects: 3.021500 ms  DeleteObjects: 0.073500 ms)

Prepare: number of updated asset objects reloaded= 0
AssetImportParameters requested are different than current active one (requested -> active):
  custom:container-demuxer-ogg: 62fdf1f143b41e24485cea50d1cbac27 -> 
  custom:video-codec-MediaFoundation-h265: 746d11721c4dcdbdad8f713fa42b33f4 -> 
  custom:video-decoder-ogg-theora: a1e56fd34408186e4bbccfd4996cb3dc -> 
  custom:framework-win-MediaFoundation: 216162199b28c13a410421893ffa2e32 -> 
  custom:CustomObjectIndexerAttribute: 9a22284fe3817be447336de3de66b15e -> 
  custom:container-demuxer-webm: 4f35f7cbe854078d1ac9338744f61a02 -> 
  custom:container-muxer-webm: aa71ff27fc2769a1b78a27578f13a17b -> 
  custom:video-decoder-webm-vp8: 9c59270c3fd7afecdb556c50c9e8de78 -> 
  custom:SearchIndexIgnoredProperties: e643bd26f0fe6173181afceb89e7c659 -> 
  custom:AudioImporter_EditorPlatform: d09bf68614088b80899f8185d706f6e7 -> 
  custom:video-encoder-webm-vp8: eb34c28f22e8b96e1ab97ce403110664 -> 
  custom:audio-decoder-ogg-vorbis: bf7c407c2cedff20999df2af8eb42d56 -> 
  custom:scripting/monoscript/fileName/MainMenuCoinDisplay.cs: 145d5a3e9ba21299e4f3d41e009c4419 -> 
  custom:audio-encoder-webm-vorbis: bf7c407c2cedff20999df2af8eb42d56 -> 
  custom:scripting/monoscript/fileName/ScoreManager.cs: 2117df56b7ba23abd331d761e713022a -> 
  custom:scripting/precompiled-assembly-types:Assembly-CSharp: bd8e7985b0e5383a90fcd111f499cd25 -> 1d189b278584937dbe15bd548035eb59
========================================================================
Received Import Request.
  Time since last request: 4519.842739 seconds.
  path: Assets/Scripts/UI/UIAssets/artwork/halfcustomizible/square/Slider2/background_vertical.png
  artifactKey: Guid(69a693142e97477459702cd63f94a7e0) Importer(815301076,1909f56bfc062723c751e8b465ee728b)
Start importing Assets/Scripts/UI/UIAssets/artwork/halfcustomizible/square/Slider2/background_vertical.png using Guid(69a693142e97477459702cd63f94a7e0) Importer(815301076,1909f56bfc062723c751e8b465ee728b) [PhysX] Initialized MultithreadedTaskDispatcher with 16 workers.
[PhysX] Initialized MultithreadedTaskDispatcher with 16 workers.
 -> (artifact id: 'a2d0f6b6ff8a5c55348aea7384cab8b9') in 0.065513 seconds
Number of updated asset objects reloaded before import = 0
Number of asset objects unloaded after import = 3
========================================================================
Received Import Request.
  Time since last request: 120.467627 seconds.
  path: Packages/com.unity.2d.sprite/Editor/ObjectMenuCreation/DefaultAssets/Textures/SquareWithBorder.png
  artifactKey: Guid(db750325989564987a34393247d883b4) Importer(815301076,1909f56bfc062723c751e8b465ee728b)
Start importing Packages/com.unity.2d.sprite/Editor/ObjectMenuCreation/DefaultAssets/Textures/SquareWithBorder.png using Guid(db750325989564987a34393247d883b4) Importer(815301076,1909f56bfc062723c751e8b465ee728b) [PhysX] Initialized MultithreadedTaskDispatcher with 16 workers.
[PhysX] Initialized MultithreadedTaskDispatcher with 16 workers.
 -> (artifact id: 'ffc99af25e68ab02a4515d9ce9618ee2') in 0.013556 seconds
Number of updated asset objects reloaded before import = 0
Number of asset objects unloaded after import = 3
========================================================================
Received Import Request.
  Time since last request: 0.057913 seconds.
  path: Packages/com.unity.2d.sprite/Editor/ObjectMenuCreation/DefaultAssets/Textures/v2/Square.png
  artifactKey: Guid(311925a002f4447b3a28927169b83ea6) Importer(815301076,1909f56bfc062723c751e8b465ee728b)
Start importing Packages/com.unity.2d.sprite/Editor/ObjectMenuCreation/DefaultAssets/Textures/v2/Square.png using Guid(311925a002f4447b3a28927169b83ea6) Importer(815301076,1909f56bfc062723c751e8b465ee728b) [PhysX] Initialized MultithreadedTaskDispatcher with 16 workers.
[PhysX] Initialized MultithreadedTaskDispatcher with 16 workers.
 -> (artifact id: '6a24b64d8e5bcf1ca5633c8501fab190') in 0.018956 seconds
Number of updated asset objects reloaded before import = 0
Number of asset objects unloaded after import = 3
========================================================================
Received Import Request.
  Time since last request: 0.000021 seconds.
  path: Packages/com.unity.2d.spriteshape/Editor/Handles/ss_leftrange.png
  artifactKey: Guid(9417efc47083f4a1598c1966a6345cdb) Importer(815301076,1909f56bfc062723c751e8b465ee728b)
Start importing Packages/com.unity.2d.spriteshape/Editor/Handles/ss_leftrange.png using Guid(9417efc47083f4a1598c1966a6345cdb) Importer(815301076,1909f56bfc062723c751e8b465ee728b) [PhysX] Initialized MultithreadedTaskDispatcher with 16 workers.
[PhysX] Initialized MultithreadedTaskDispatcher with 16 workers.
 -> (artifact id: '1cbda975b1363cfda77691e02983778d') in 0.015073 seconds
Number of updated asset objects reloaded before import = 0
Number of asset objects unloaded after import = 3
========================================================================
Received Import Request.
  Time since last request: 1.113800 seconds.
  path: Packages/com.unity.2d.common/Path/Editor/Handles/TangentBrokenPro.png
  artifactKey: Guid(8bdd64764208642f9adc3509ebbe41a3) Importer(815301076,1909f56bfc062723c751e8b465ee728b)
Start importing Packages/com.unity.2d.common/Path/Editor/Handles/TangentBrokenPro.png using Guid(8bdd64764208642f9adc3509ebbe41a3) Importer(815301076,1909f56bfc062723c751e8b465ee728b) [PhysX] Initialized MultithreadedTaskDispatcher with 16 workers.
[PhysX] Initialized MultithreadedTaskDispatcher with 16 workers.
 -> (artifact id: '4f2bcfe1463fc811fd9992df01c1fd75') in 0.010115 seconds
Number of updated asset objects reloaded before import = 0
Number of asset objects unloaded after import = 3
========================================================================
Received Import Request.
  Time since last request: 0.040661 seconds.
  path: Packages/com.unity.2d.common/Path/Editor/Handles/TangentContinuousPro.png
  artifactKey: Guid(25c4e987877a046bd994284ffeabc78b) Importer(815301076,1909f56bfc062723c751e8b465ee728b)
Start importing Packages/com.unity.2d.common/Path/Editor/Handles/TangentContinuousPro.png using Guid(25c4e987877a046bd994284ffeabc78b) Importer(815301076,1909f56bfc062723c751e8b465ee728b) [PhysX] Initialized MultithreadedTaskDispatcher with 16 workers.
[PhysX] Initialized MultithreadedTaskDispatcher with 16 workers.
 -> (artifact id: '820f929ef076649b85ca54131b4f7e5d') in 0.010975 seconds
Number of updated asset objects reloaded before import = 0
Number of asset objects unloaded after import = 3
========================================================================
Received Import Request.
  Time since last request: 0.325609 seconds.
  path: Packages/com.unity.2d.common/Path/Editor/Handles/TangentLinearPro.png
  artifactKey: Guid(5315c047999aa4d869298f6988dfeb30) Importer(815301076,1909f56bfc062723c751e8b465ee728b)
Start importing Packages/com.unity.2d.common/Path/Editor/Handles/TangentLinearPro.png using Guid(5315c047999aa4d869298f6988dfeb30) Importer(815301076,1909f56bfc062723c751e8b465ee728b) [PhysX] Initialized MultithreadedTaskDispatcher with 16 workers.
[PhysX] Initialized MultithreadedTaskDispatcher with 16 workers.
 -> (artifact id: '4d22c65a42a50d22b43199c6a5f84dd5') in 0.014247 seconds
Number of updated asset objects reloaded before import = 0
Number of asset objects unloaded after import = 3
========================================================================
Received Import Request.
  Time since last request: 0.030514 seconds.
  path: Packages/com.unity.2d.tilemap/Editor/Icons/Tilemap.ActiveTargetLayers@2x.png
  artifactKey: Guid(f708c0da8a2b5fc4381f7f8d4a322a0a) Importer(815301076,1909f56bfc062723c751e8b465ee728b)
Start importing Packages/com.unity.2d.tilemap/Editor/Icons/Tilemap.ActiveTargetLayers@2x.png using Guid(f708c0da8a2b5fc4381f7f8d4a322a0a) Importer(815301076,1909f56bfc062723c751e8b465ee728b) [PhysX] Initialized MultithreadedTaskDispatcher with 16 workers.
[PhysX] Initialized MultithreadedTaskDispatcher with 16 workers.
 -> (artifact id: 'ebfadac79c6e0112e6000efababbed4c') in 0.015283 seconds
Number of updated asset objects reloaded before import = 0
Number of asset objects unloaded after import = 3
========================================================================
Received Import Request.
  Time since last request: 0.323083 seconds.
  path: Packages/com.unity.2d.tilemap/Editor/Icons/Tilemap.BrushSettings.png
  artifactKey: Guid(7a17912541de348408b722a40b972ea3) Importer(815301076,1909f56bfc062723c751e8b465ee728b)
Start importing Packages/com.unity.2d.tilemap/Editor/Icons/Tilemap.BrushSettings.png using Guid(7a17912541de348408b722a40b972ea3) Importer(815301076,1909f56bfc062723c751e8b465ee728b) [PhysX] Initialized MultithreadedTaskDispatcher with 16 workers.
[PhysX] Initialized MultithreadedTaskDispatcher with 16 workers.
 -> (artifact id: '52c2032d12d6ac28e75a387dedde1a7c') in 0.012315 seconds
Number of updated asset objects reloaded before import = 0
Number of asset objects unloaded after import = 3
========================================================================
Received Import Request.
  Time since last request: 0.003126 seconds.
  path: Packages/com.unity.2d.tilemap/Editor/Icons/Tilemap.BrushSettings@4x.png
  artifactKey: Guid(ff827e3a021bd1b4493ddbcd90ed460f) Importer(815301076,1909f56bfc062723c751e8b465ee728b)
Start importing Packages/com.unity.2d.tilemap/Editor/Icons/Tilemap.BrushSettings@4x.png using Guid(ff827e3a021bd1b4493ddbcd90ed460f) Importer(815301076,1909f56bfc062723c751e8b465ee728b) [PhysX] Initialized MultithreadedTaskDispatcher with 16 workers.
[PhysX] Initialized MultithreadedTaskDispatcher with 16 workers.
 -> (artifact id: '0845d6687ce402cdc23c564884f640c2') in 0.011844 seconds
Number of updated asset objects reloaded before import = 0
Number of asset objects unloaded after import = 3
========================================================================
Received Import Request.
  Time since last request: 0.059588 seconds.
  path: Packages/com.unity.2d.tilemap/Editor/Icons/Tilemap.DefaultBrush@2x.png
  artifactKey: Guid(9182e08d6d8be424a98050562de5b053) Importer(815301076,1909f56bfc062723c751e8b465ee728b)
Start importing Packages/com.unity.2d.tilemap/Editor/Icons/Tilemap.DefaultBrush@2x.png using Guid(9182e08d6d8be424a98050562de5b053) Importer(815301076,1909f56bfc062723c751e8b465ee728b) [PhysX] Initialized MultithreadedTaskDispatcher with 16 workers.
[PhysX] Initialized MultithreadedTaskDispatcher with 16 workers.
 -> (artifact id: '78e04f6a946de878b6708a083827b759') in 0.011553 seconds
Number of updated asset objects reloaded before import = 0
Number of asset objects unloaded after import = 3
========================================================================
Received Import Request.
  Time since last request: 0.259352 seconds.
  path: Packages/com.unity.2d.tilemap/Editor/Icons/Tilemap.EditPalette.png
  artifactKey: Guid(4858e04232af5e340922812cd3697086) Importer(815301076,1909f56bfc062723c751e8b465ee728b)
Start importing Packages/com.unity.2d.tilemap/Editor/Icons/Tilemap.EditPalette.png using Guid(4858e04232af5e340922812cd3697086) Importer(815301076,1909f56bfc062723c751e8b465ee728b) [PhysX] Initialized MultithreadedTaskDispatcher with 16 workers.
[PhysX] Initialized MultithreadedTaskDispatcher with 16 workers.
 -> (artifact id: 'fa7c58823ab249e83a644723a6aaed0a') in 0.011585 seconds
Number of updated asset objects reloaded before import = 0
Number of asset objects unloaded after import = 3
========================================================================
Received Import Request.
  Time since last request: 0.080308 seconds.
  path: Packages/com.unity.2d.tilemap/Editor/Icons/Tilemap.EditPalette@4x.png
  artifactKey: Guid(72a3c6132d5e2ae48a1df56cfebbc7c2) Importer(815301076,1909f56bfc062723c751e8b465ee728b)
Start importing Packages/com.unity.2d.tilemap/Editor/Icons/Tilemap.EditPalette@4x.png using Guid(72a3c6132d5e2ae48a1df56cfebbc7c2) Importer(815301076,1909f56bfc062723c751e8b465ee728b) [PhysX] Initialized MultithreadedTaskDispatcher with 16 workers.
[PhysX] Initialized MultithreadedTaskDispatcher with 16 workers.
 -> (artifact id: '11fe8f542b71712d258c5eb99290ff43') in 0.012221 seconds
Number of updated asset objects reloaded before import = 0
Number of asset objects unloaded after import = 3
========================================================================
Received Import Request.
  Time since last request: 2.007967 seconds.
  path: Packages/com.unity.2d.animation/Editor/Assets/EditorIcons/Selected/Weight_Brush@4x.png
  artifactKey: Guid(48464cd53bb3c604f999e7d3f15e8d09) Importer(815301076,1909f56bfc062723c751e8b465ee728b)
Start importing Packages/com.unity.2d.animation/Editor/Assets/EditorIcons/Selected/Weight_Brush@4x.png using Guid(48464cd53bb3c604f999e7d3f15e8d09) Importer(815301076,1909f56bfc062723c751e8b465ee728b) [PhysX] Initialized MultithreadedTaskDispatcher with 16 workers.
[PhysX] Initialized MultithreadedTaskDispatcher with 16 workers.
 -> (artifact id: 'b946705471fbc77192de45c1d2289fdf') in 0.013471 seconds
Number of updated asset objects reloaded before import = 0
Number of asset objects unloaded after import = 3
========================================================================
Received Import Request.
  Time since last request: 0.000022 seconds.
  path: Packages/com.unity.2d.animation/Editor/Assets/EditorIcons/Light/Weight_Brush@4x.png
  artifactKey: Guid(3dd5e5c693a816e4f96b869f6465955b) Importer(815301076,1909f56bfc062723c751e8b465ee728b)
Start importing Packages/com.unity.2d.animation/Editor/Assets/EditorIcons/Light/Weight_Brush@4x.png using Guid(3dd5e5c693a816e4f96b869f6465955b) Importer(815301076,1909f56bfc062723c751e8b465ee728b) [PhysX] Initialized MultithreadedTaskDispatcher with 16 workers.
[PhysX] Initialized MultithreadedTaskDispatcher with 16 workers.
 -> (artifact id: '646a329a04dd02b7cc91be5d60833e5d') in 0.015117 seconds
Number of updated asset objects reloaded before import = 0
Number of asset objects unloaded after import = 3
========================================================================
Received Import Request.
  Time since last request: 2.373589 seconds.
  path: Packages/com.unity.2d.animation/Editor/Assets/ComponentIcons/Animation.IKFabrik On@64.png
  artifactKey: Guid(009774248359949e3b9317677c6678da) Importer(815301076,1909f56bfc062723c751e8b465ee728b)
Start importing Packages/com.unity.2d.animation/Editor/Assets/ComponentIcons/Animation.IKFabrik On@64.png using Guid(009774248359949e3b9317677c6678da) Importer(815301076,1909f56bfc062723c751e8b465ee728b) [PhysX] Initialized MultithreadedTaskDispatcher with 16 workers.
[PhysX] Initialized MultithreadedTaskDispatcher with 16 workers.
 -> (artifact id: '23fd4c3ce92b55439c6de7b294d1a55c') in 0.012850 seconds
Number of updated asset objects reloaded before import = 0
Number of asset objects unloaded after import = 3
========================================================================
Received Import Request.
  Time since last request: 0.560879 seconds.
  path: Assets/Scripts/UI/UIAssets/artwork/halfcustomizible/square/Background.png
  artifactKey: Guid(415f47e567b53254d89b2a71143dd6a6) Importer(815301076,1909f56bfc062723c751e8b465ee728b)
Start importing Assets/Scripts/UI/UIAssets/artwork/halfcustomizible/square/Background.png using Guid(415f47e567b53254d89b2a71143dd6a6) Importer(815301076,1909f56bfc062723c751e8b465ee728b) [PhysX] Initialized MultithreadedTaskDispatcher with 16 workers.
[PhysX] Initialized MultithreadedTaskDispatcher with 16 workers.
 -> (artifact id: 'bd22ea1bd319fd8cdfc616b8f7bfdf3e') in 0.165586 seconds
Number of updated asset objects reloaded before import = 0
Number of asset objects unloaded after import = 3
========================================================================
Received Import Request.
  Time since last request: 0.000020 seconds.
  path: Assets/Scripts/UI/UIAssets/artwork/colorCustomizible/square/scroll_horizontal/Background.png
  artifactKey: Guid(9fd81fd6038f7bb44ab675c198558be8) Importer(815301076,1909f56bfc062723c751e8b465ee728b)
Start importing Assets/Scripts/UI/UIAssets/artwork/colorCustomizible/square/scroll_horizontal/Background.png using Guid(9fd81fd6038f7bb44ab675c198558be8) Importer(815301076,1909f56bfc062723c751e8b465ee728b) [PhysX] Initialized MultithreadedTaskDispatcher with 16 workers.
[PhysX] Initialized MultithreadedTaskDispatcher with 16 workers.
 -> (artifact id: 'd7145d18ad77ba04189c857ec773f61f') in 0.124076 seconds
Number of updated asset objects reloaded before import = 0
Number of asset objects unloaded after import = 3
========================================================================
Received Prepare
Caller must complete domain reload
0x00007ff74200da7d (Unity) StackWalker::GetCurrentCallstack
0x00007ff742012b59 (Unity) StackWalker::ShowCallstack
0x00007ff743000a11 (Unity) GetStacktrace
0x00007ff7436bba5e (Unity) DebugStringToFile
0x00007ff7436bb79a (Unity) AssertImplementation
0x00007ff742e9e99c (Unity) Internal_ADB_WorkerOnly_DomainReload
0x00007ff743385074 (Unity) WorkerDomainReloadV2
0x00007ff7433a6285 (Unity) <lambda_b37b41f03089e3cb3f55061bbc93253d>::operator()
0x00007ff7433e1a92 (Unity) asio::detail::completion_handler<core::mutable_function<void __cdecl(void)>,asio::io_context::basic_executor_type<std::allocator<void>,0> >::do_complete
0x00007ff7433cda3e (Unity) asio::detail::win_iocp_io_context::do_one
0x00007ff7433cf6a4 (Unity) asio::detail::win_iocp_io_context::run
0x00007ff7433dfe3c (Unity) IOService::Run
0x00007ff7433b32bf (Unity) AssetImportWorkerClient::Run
0x00007ff74337ec27 (Unity) RunAssetImportWorkerClientV2
0x00007ff74337ecab (Unity) RunAssetImporterV2
0x00007ff742b7867e (Unity) Application::InitializeProject
0x00007ff74300b6a5 (Unity) WinMain
0x00007ff7443bd35e (Unity) __scrt_common_main_seh
0x00007ffc72c6e8d7 (KERNEL32) BaseThreadInitThunk
0x00007ffc734bbf2c (ntdll) RtlUserThreadStart

Begin MonoManager ReloadAssembly
- Loaded All Assemblies, in  0.459 seconds
Native extension for WindowsStandalone target not found
Native extension for Android target not found
Mono: successfully reloaded assembly
[Package Manager] Server::EnsureServerProcessIsRunning -- launch failed, reason: Unity was launched with the -noUpm command-line argument
[Package Manager] UpmClient::Send -- Unable to send message (not connected to UPM process).
[Package Manager] Cannot connect to Unity Package Manager local server
- Finished resetting the current domain, in  1.138 seconds
Domain Reload Profiling: 1590ms
	BeginReloadAssembly (156ms)
		ExecutionOrderSort (0ms)
		DisableScriptedObjects (11ms)
		BackupInstance (0ms)
		ReleaseScriptingObjects (0ms)
		CreateAndSetChildDomain (38ms)
	RebuildCommonClasses (29ms)
	RebuildNativeTypeToScriptingClass (9ms)
	initialDomainReloadingComplete (32ms)
	LoadAllAssembliesAndSetupDomain (225ms)
		LoadAssemblies (283ms)
		RebuildTransferFunctionScriptingTraits (0ms)
		AnalyzeDomain (15ms)
			TypeCache.Refresh (7ms)
				TypeCache.ScanAssembly (0ms)
			ScanForSourceGeneratedMonoScriptInfo (0ms)
			ResolveRequiredComponents (6ms)
	FinalizeReload (1138ms)
		ReleaseScriptCaches (0ms)
		RebuildScriptCaches (0ms)
		SetupLoadedEditorAssemblies (446ms)
			LogAssemblyErrors (0ms)
			InitializePlatformSupportModulesInManaged (23ms)
			SetLoadedEditorAssemblies (3ms)
			RefreshPlugins (0ms)
			BeforeProcessingInitializeOnLoad (86ms)
			ProcessInitializeOnLoadAttributes (293ms)
			ProcessInitializeOnLoadMethodAttributes (30ms)
			AfterProcessingInitializeOnLoad (10ms)
			EditorAssembliesLoaded (0ms)
		ExecutionOrderSort2 (0ms)
		AwakeInstancesAfterBackupRestoration (13ms)
Refreshing native plugins compatible for Editor in 10.16 ms, found 4 plugins.
Preloading 0 native plugins for Editor in 0.00 ms.
Unloading 4479 Unused Serialized files (Serialized files now loaded: 0)
Unloading 20 unused Assets / (112.3 KB). Loaded Objects now: 5499.
Memory consumption went from 158.1 MB to 158.0 MB.
Total: 3.388900 ms (FindLiveObjects: 0.390000 ms CreateObjectMapping: 0.216500 ms MarkObjects: 2.687200 ms  DeleteObjects: 0.093800 ms)

Prepare: number of updated asset objects reloaded= 0
AssetImportParameters requested are different than current active one (requested -> active):
  custom:container-demuxer-ogg: 62fdf1f143b41e24485cea50d1cbac27 -> 
  custom:video-codec-MediaFoundation-h265: 746d11721c4dcdbdad8f713fa42b33f4 -> 
  custom:video-decoder-ogg-theora: a1e56fd34408186e4bbccfd4996cb3dc -> 
  custom:framework-win-MediaFoundation: 216162199b28c13a410421893ffa2e32 -> 
  custom:CustomObjectIndexerAttribute: 9a22284fe3817be447336de3de66b15e -> 
  custom:container-demuxer-webm: 4f35f7cbe854078d1ac9338744f61a02 -> 
  custom:container-muxer-webm: aa71ff27fc2769a1b78a27578f13a17b -> 
  custom:video-decoder-webm-vp8: 9c59270c3fd7afecdb556c50c9e8de78 -> 
  custom:SearchIndexIgnoredProperties: e643bd26f0fe6173181afceb89e7c659 -> 
  custom:AudioImporter_EditorPlatform: d09bf68614088b80899f8185d706f6e7 -> 
  custom:video-encoder-webm-vp8: eb34c28f22e8b96e1ab97ce403110664 -> 
  custom:audio-decoder-ogg-vorbis: bf7c407c2cedff20999df2af8eb42d56 -> 
  custom:scripting/monoscript/fileName/MainMenuCoinDisplay.cs: 145d5a3e9ba21299e4f3d41e009c4419 -> 
  custom:audio-encoder-webm-vorbis: bf7c407c2cedff20999df2af8eb42d56 -> 
  custom:scripting/monoscript/fileName/ScoreManager.cs: 2117df56b7ba23abd331d761e713022a -> 
  custom:scripting/precompiled-assembly-types:Assembly-CSharp: bd8e7985b0e5383a90fcd111f499cd25 -> 1d189b278584937dbe15bd548035eb59
========================================================================
Received Prepare
Caller must complete domain reload
0x00007ff74200da7d (Unity) StackWalker::GetCurrentCallstack
0x00007ff742012b59 (Unity) StackWalker::ShowCallstack
0x00007ff743000a11 (Unity) GetStacktrace
0x00007ff7436bba5e (Unity) DebugStringToFile
0x00007ff7436bb79a (Unity) AssertImplementation
0x00007ff742e9e99c (Unity) Internal_ADB_WorkerOnly_DomainReload
0x00007ff743385074 (Unity) WorkerDomainReloadV2
0x00007ff7433a6285 (Unity) <lambda_b37b41f03089e3cb3f55061bbc93253d>::operator()
0x00007ff7433e1a92 (Unity) asio::detail::completion_handler<core::mutable_function<void __cdecl(void)>,asio::io_context::basic_executor_type<std::allocator<void>,0> >::do_complete
0x00007ff7433cda3e (Unity) asio::detail::win_iocp_io_context::do_one
0x00007ff7433cf6a4 (Unity) asio::detail::win_iocp_io_context::run
0x00007ff7433dfe3c (Unity) IOService::Run
0x00007ff7433b32bf (Unity) AssetImportWorkerClient::Run
0x00007ff74337ec27 (Unity) RunAssetImportWorkerClientV2
0x00007ff74337ecab (Unity) RunAssetImporterV2
0x00007ff742b7867e (Unity) Application::InitializeProject
0x00007ff74300b6a5 (Unity) WinMain
0x00007ff7443bd35e (Unity) __scrt_common_main_seh
0x00007ffc72c6e8d7 (KERNEL32) BaseThreadInitThunk
0x00007ffc734bbf2c (ntdll) RtlUserThreadStart

Begin MonoManager ReloadAssembly
- Loaded All Assemblies, in  0.445 seconds
Native extension for WindowsStandalone target not found
Native extension for Android target not found
Mono: successfully reloaded assembly
[Package Manager] Server::EnsureServerProcessIsRunning -- launch failed, reason: Unity was launched with the -noUpm command-line argument
[Package Manager] UpmClient::Send -- Unable to send message (not connected to UPM process).
[Package Manager] Cannot connect to Unity Package Manager local server
- Finished resetting the current domain, in  1.105 seconds
Domain Reload Profiling: 1544ms
	BeginReloadAssembly (139ms)
		ExecutionOrderSort (0ms)
		DisableScriptedObjects (9ms)
		BackupInstance (0ms)
		ReleaseScriptingObjects (0ms)
		CreateAndSetChildDomain (31ms)
	RebuildCommonClasses (30ms)
	RebuildNativeTypeToScriptingClass (16ms)
	initialDomainReloadingComplete (30ms)
	LoadAllAssembliesAndSetupDomain (223ms)
		LoadAssemblies (278ms)
		RebuildTransferFunctionScriptingTraits (0ms)
		AnalyzeDomain (15ms)
			TypeCache.Refresh (7ms)
				TypeCache.ScanAssembly (0ms)
			ScanForSourceGeneratedMonoScriptInfo (0ms)
			ResolveRequiredComponents (6ms)
	FinalizeReload (1105ms)
		ReleaseScriptCaches (0ms)
		RebuildScriptCaches (0ms)
		SetupLoadedEditorAssemblies (442ms)
			LogAssemblyErrors (0ms)
			InitializePlatformSupportModulesInManaged (21ms)
			SetLoadedEditorAssemblies (4ms)
			RefreshPlugins (0ms)
			BeforeProcessingInitializeOnLoad (89ms)
			ProcessInitializeOnLoadAttributes (288ms)
			ProcessInitializeOnLoadMethodAttributes (30ms)
			AfterProcessingInitializeOnLoad (11ms)
			EditorAssembliesLoaded (0ms)
		ExecutionOrderSort2 (0ms)
		AwakeInstancesAfterBackupRestoration (13ms)
Refreshing native plugins compatible for Editor in 10.45 ms, found 4 plugins.
Preloading 0 native plugins for Editor in 0.00 ms.
Unloading 4480 Unused Serialized files (Serialized files now loaded: 0)
Unloading 20 unused Assets / (112.1 KB). Loaded Objects now: 5515.
Memory consumption went from 158.4 MB to 158.2 MB.
Total: 3.412500 ms (FindLiveObjects: 0.537000 ms CreateObjectMapping: 0.255400 ms MarkObjects: 2.546300 ms  DeleteObjects: 0.072900 ms)

Prepare: number of updated asset objects reloaded= 0
AssetImportParameters requested are different than current active one (requested -> active):
  custom:container-demuxer-ogg: 62fdf1f143b41e24485cea50d1cbac27 -> 
  custom:video-codec-MediaFoundation-h265: 746d11721c4dcdbdad8f713fa42b33f4 -> 
  custom:video-decoder-ogg-theora: a1e56fd34408186e4bbccfd4996cb3dc -> 
  custom:framework-win-MediaFoundation: 216162199b28c13a410421893ffa2e32 -> 
  custom:CustomObjectIndexerAttribute: 9a22284fe3817be447336de3de66b15e -> 
  custom:container-demuxer-webm: 4f35f7cbe854078d1ac9338744f61a02 -> 
  custom:container-muxer-webm: aa71ff27fc2769a1b78a27578f13a17b -> 
  custom:video-decoder-webm-vp8: 9c59270c3fd7afecdb556c50c9e8de78 -> 
  custom:SearchIndexIgnoredProperties: e643bd26f0fe6173181afceb89e7c659 -> 
  custom:AudioImporter_EditorPlatform: d09bf68614088b80899f8185d706f6e7 -> 
  custom:video-encoder-webm-vp8: eb34c28f22e8b96e1ab97ce403110664 -> 
  custom:audio-decoder-ogg-vorbis: bf7c407c2cedff20999df2af8eb42d56 -> 
  custom:scripting/monoscript/fileName/MainMenuCoinDisplay.cs: 145d5a3e9ba21299e4f3d41e009c4419 -> 
  custom:audio-encoder-webm-vorbis: bf7c407c2cedff20999df2af8eb42d56 -> 
  custom:scripting/monoscript/fileName/ScoreManager.cs: 2117df56b7ba23abd331d761e713022a -> 
  custom:scripting/precompiled-assembly-types:Assembly-CSharp: bd8e7985b0e5383a90fcd111f499cd25 -> 1d189b278584937dbe15bd548035eb59
========================================================================
Received Prepare
Caller must complete domain reload
0x00007ff74200da7d (Unity) StackWalker::GetCurrentCallstack
0x00007ff742012b59 (Unity) StackWalker::ShowCallstack
0x00007ff743000a11 (Unity) GetStacktrace
0x00007ff7436bba5e (Unity) DebugStringToFile
0x00007ff7436bb79a (Unity) AssertImplementation
0x00007ff742e9e99c (Unity) Internal_ADB_WorkerOnly_DomainReload
0x00007ff743385074 (Unity) WorkerDomainReloadV2
0x00007ff7433a6285 (Unity) <lambda_b37b41f03089e3cb3f55061bbc93253d>::operator()
0x00007ff7433e1a92 (Unity) asio::detail::completion_handler<core::mutable_function<void __cdecl(void)>,asio::io_context::basic_executor_type<std::allocator<void>,0> >::do_complete
0x00007ff7433cda3e (Unity) asio::detail::win_iocp_io_context::do_one
0x00007ff7433cf6a4 (Unity) asio::detail::win_iocp_io_context::run
0x00007ff7433dfe3c (Unity) IOService::Run
0x00007ff7433b32bf (Unity) AssetImportWorkerClient::Run
0x00007ff74337ec27 (Unity) RunAssetImportWorkerClientV2
0x00007ff74337ecab (Unity) RunAssetImporterV2
0x00007ff742b7867e (Unity) Application::InitializeProject
0x00007ff74300b6a5 (Unity) WinMain
0x00007ff7443bd35e (Unity) __scrt_common_main_seh
0x00007ffc72c6e8d7 (KERNEL32) BaseThreadInitThunk
0x00007ffc734bbf2c (ntdll) RtlUserThreadStart

Begin MonoManager ReloadAssembly
- Loaded All Assemblies, in  0.446 seconds
Native extension for WindowsStandalone target not found
Native extension for Android target not found
Mono: successfully reloaded assembly
[Package Manager] Server::EnsureServerProcessIsRunning -- launch failed, reason: Unity was launched with the -noUpm command-line argument
[Package Manager] UpmClient::Send -- Unable to send message (not connected to UPM process).
[Package Manager] Cannot connect to Unity Package Manager local server
- Finished resetting the current domain, in  1.171 seconds
Domain Reload Profiling: 1611ms
	BeginReloadAssembly (134ms)
		ExecutionOrderSort (0ms)
		DisableScriptedObjects (8ms)
		BackupInstance (0ms)
		ReleaseScriptingObjects (0ms)
		CreateAndSetChildDomain (31ms)
	RebuildCommonClasses (32ms)
	RebuildNativeTypeToScriptingClass (9ms)
	initialDomainReloadingComplete (31ms)
	LoadAllAssembliesAndSetupDomain (234ms)
		LoadAssemblies (283ms)
		RebuildTransferFunctionScriptingTraits (0ms)
		AnalyzeDomain (16ms)
			TypeCache.Refresh (8ms)
				TypeCache.ScanAssembly (0ms)
			ScanForSourceGeneratedMonoScriptInfo (0ms)
			ResolveRequiredComponents (6ms)
	FinalizeReload (1172ms)
		ReleaseScriptCaches (0ms)
		RebuildScriptCaches (0ms)
		SetupLoadedEditorAssemblies (459ms)
			LogAssemblyErrors (0ms)
			InitializePlatformSupportModulesInManaged (23ms)
			SetLoadedEditorAssemblies (4ms)
			RefreshPlugins (0ms)
			BeforeProcessingInitializeOnLoad (90ms)
			ProcessInitializeOnLoadAttributes (297ms)
			ProcessInitializeOnLoadMethodAttributes (35ms)
			AfterProcessingInitializeOnLoad (9ms)
			EditorAssembliesLoaded (0ms)
		ExecutionOrderSort2 (0ms)
		AwakeInstancesAfterBackupRestoration (13ms)
Refreshing native plugins compatible for Editor in 10.84 ms, found 4 plugins.
Preloading 0 native plugins for Editor in 0.00 ms.
Unloading 4480 Unused Serialized files (Serialized files now loaded: 0)
Unloading 20 unused Assets / (112.1 KB). Loaded Objects now: 5531.
Memory consumption went from 158.4 MB to 158.3 MB.
Total: 3.965700 ms (FindLiveObjects: 0.543800 ms CreateObjectMapping: 0.690100 ms MarkObjects: 2.656900 ms  DeleteObjects: 0.074100 ms)

Prepare: number of updated asset objects reloaded= 0
AssetImportParameters requested are different than current active one (requested -> active):
  custom:container-demuxer-ogg: 62fdf1f143b41e24485cea50d1cbac27 -> 
  custom:video-codec-MediaFoundation-h265: 746d11721c4dcdbdad8f713fa42b33f4 -> 
  custom:video-decoder-ogg-theora: a1e56fd34408186e4bbccfd4996cb3dc -> 
  custom:framework-win-MediaFoundation: 216162199b28c13a410421893ffa2e32 -> 
  custom:CustomObjectIndexerAttribute: 9a22284fe3817be447336de3de66b15e -> 
  custom:container-demuxer-webm: 4f35f7cbe854078d1ac9338744f61a02 -> 
  custom:container-muxer-webm: aa71ff27fc2769a1b78a27578f13a17b -> 
  custom:video-decoder-webm-vp8: 9c59270c3fd7afecdb556c50c9e8de78 -> 
  custom:SearchIndexIgnoredProperties: e643bd26f0fe6173181afceb89e7c659 -> 
  custom:AudioImporter_EditorPlatform: d09bf68614088b80899f8185d706f6e7 -> 
  custom:video-encoder-webm-vp8: eb34c28f22e8b96e1ab97ce403110664 -> 
  custom:audio-decoder-ogg-vorbis: bf7c407c2cedff20999df2af8eb42d56 -> 
  custom:scripting/monoscript/fileName/MainMenuCoinDisplay.cs: 145d5a3e9ba21299e4f3d41e009c4419 -> 
  custom:audio-encoder-webm-vorbis: bf7c407c2cedff20999df2af8eb42d56 -> 
  custom:scripting/monoscript/fileName/ScoreManager.cs: 2117df56b7ba23abd331d761e713022a -> 
  custom:scripting/precompiled-assembly-types:Assembly-CSharp: bd8e7985b0e5383a90fcd111f499cd25 -> 1d189b278584937dbe15bd548035eb59
========================================================================
Received Prepare
Caller must complete domain reload
0x00007ff74200da7d (Unity) StackWalker::GetCurrentCallstack
0x00007ff742012b59 (Unity) StackWalker::ShowCallstack
0x00007ff743000a11 (Unity) GetStacktrace
0x00007ff7436bba5e (Unity) DebugStringToFile
0x00007ff7436bb79a (Unity) AssertImplementation
0x00007ff742e9e99c (Unity) Internal_ADB_WorkerOnly_DomainReload
0x00007ff743385074 (Unity) WorkerDomainReloadV2
0x00007ff7433a6285 (Unity) <lambda_b37b41f03089e3cb3f55061bbc93253d>::operator()
0x00007ff7433e1a92 (Unity) asio::detail::completion_handler<core::mutable_function<void __cdecl(void)>,asio::io_context::basic_executor_type<std::allocator<void>,0> >::do_complete
0x00007ff7433cda3e (Unity) asio::detail::win_iocp_io_context::do_one
0x00007ff7433cf6a4 (Unity) asio::detail::win_iocp_io_context::run
0x00007ff7433dfe3c (Unity) IOService::Run
0x00007ff7433b32bf (Unity) AssetImportWorkerClient::Run
0x00007ff74337ec27 (Unity) RunAssetImportWorkerClientV2
0x00007ff74337ecab (Unity) RunAssetImporterV2
0x00007ff742b7867e (Unity) Application::InitializeProject
0x00007ff74300b6a5 (Unity) WinMain
0x00007ff7443bd35e (Unity) __scrt_common_main_seh
0x00007ffc72c6e8d7 (KERNEL32) BaseThreadInitThunk
0x00007ffc734bbf2c (ntdll) RtlUserThreadStart

Begin MonoManager ReloadAssembly
- Loaded All Assemblies, in  0.460 seconds
Native extension for WindowsStandalone target not found
Native extension for Android target not found
Mono: successfully reloaded assembly
[Package Manager] Server::EnsureServerProcessIsRunning -- launch failed, reason: Unity was launched with the -noUpm command-line argument
[Package Manager] UpmClient::Send -- Unable to send message (not connected to UPM process).
[Package Manager] Cannot connect to Unity Package Manager local server
- Finished resetting the current domain, in  1.178 seconds
Domain Reload Profiling: 1631ms
	BeginReloadAssembly (138ms)
		ExecutionOrderSort (0ms)
		DisableScriptedObjects (9ms)
		BackupInstance (0ms)
		ReleaseScriptingObjects (0ms)
		CreateAndSetChildDomain (29ms)
	RebuildCommonClasses (35ms)
	RebuildNativeTypeToScriptingClass (12ms)
	initialDomainReloadingComplete (36ms)
	LoadAllAssembliesAndSetupDomain (232ms)
		LoadAssemblies (286ms)
		RebuildTransferFunctionScriptingTraits (0ms)
		AnalyzeDomain (15ms)
			TypeCache.Refresh (7ms)
				TypeCache.ScanAssembly (0ms)
			ScanForSourceGeneratedMonoScriptInfo (0ms)
			ResolveRequiredComponents (6ms)
	FinalizeReload (1178ms)
		ReleaseScriptCaches (0ms)
		RebuildScriptCaches (0ms)
		SetupLoadedEditorAssemblies (483ms)
			LogAssemblyErrors (0ms)
			InitializePlatformSupportModulesInManaged (20ms)
			SetLoadedEditorAssemblies (3ms)
			RefreshPlugins (0ms)
			BeforeProcessingInitializeOnLoad (82ms)
			ProcessInitializeOnLoadAttributes (320ms)
			ProcessInitializeOnLoadMethodAttributes (45ms)
			AfterProcessingInitializeOnLoad (12ms)
			EditorAssembliesLoaded (1ms)
		ExecutionOrderSort2 (0ms)
		AwakeInstancesAfterBackupRestoration (16ms)
Refreshing native plugins compatible for Editor in 13.00 ms, found 4 plugins.
Preloading 0 native plugins for Editor in 0.00 ms.
Unloading 4480 Unused Serialized files (Serialized files now loaded: 0)
Unloading 20 unused Assets / (112.2 KB). Loaded Objects now: 5547.
Memory consumption went from 158.4 MB to 158.3 MB.
Total: 4.586900 ms (FindLiveObjects: 0.590900 ms CreateObjectMapping: 0.336600 ms MarkObjects: 3.585600 ms  DeleteObjects: 0.072000 ms)

Prepare: number of updated asset objects reloaded= 0
AssetImportParameters requested are different than current active one (requested -> active):
  custom:container-demuxer-ogg: 62fdf1f143b41e24485cea50d1cbac27 -> 
  custom:video-codec-MediaFoundation-h265: 746d11721c4dcdbdad8f713fa42b33f4 -> 
  custom:video-decoder-ogg-theora: a1e56fd34408186e4bbccfd4996cb3dc -> 
  custom:framework-win-MediaFoundation: 216162199b28c13a410421893ffa2e32 -> 
  custom:CustomObjectIndexerAttribute: 9a22284fe3817be447336de3de66b15e -> 
  custom:container-demuxer-webm: 4f35f7cbe854078d1ac9338744f61a02 -> 
  custom:container-muxer-webm: aa71ff27fc2769a1b78a27578f13a17b -> 
  custom:video-decoder-webm-vp8: 9c59270c3fd7afecdb556c50c9e8de78 -> 
  custom:SearchIndexIgnoredProperties: e643bd26f0fe6173181afceb89e7c659 -> 
  custom:AudioImporter_EditorPlatform: d09bf68614088b80899f8185d706f6e7 -> 
  custom:video-encoder-webm-vp8: eb34c28f22e8b96e1ab97ce403110664 -> 
  custom:audio-decoder-ogg-vorbis: bf7c407c2cedff20999df2af8eb42d56 -> 
  custom:scripting/monoscript/fileName/MainMenuCoinDisplay.cs: 145d5a3e9ba21299e4f3d41e009c4419 -> 
  custom:audio-encoder-webm-vorbis: bf7c407c2cedff20999df2af8eb42d56 -> 
  custom:scripting/monoscript/fileName/ScoreManager.cs: 2117df56b7ba23abd331d761e713022a -> 
  custom:scripting/precompiled-assembly-types:Assembly-CSharp: bd8e7985b0e5383a90fcd111f499cd25 -> 1d189b278584937dbe15bd548035eb59
========================================================================
Received Prepare
Caller must complete domain reload
0x00007ff74200da7d (Unity) StackWalker::GetCurrentCallstack
0x00007ff742012b59 (Unity) StackWalker::ShowCallstack
0x00007ff743000a11 (Unity) GetStacktrace
0x00007ff7436bba5e (Unity) DebugStringToFile
0x00007ff7436bb79a (Unity) AssertImplementation
0x00007ff742e9e99c (Unity) Internal_ADB_WorkerOnly_DomainReload
0x00007ff743385074 (Unity) WorkerDomainReloadV2
0x00007ff7433a6285 (Unity) <lambda_b37b41f03089e3cb3f55061bbc93253d>::operator()
0x00007ff7433e1a92 (Unity) asio::detail::completion_handler<core::mutable_function<void __cdecl(void)>,asio::io_context::basic_executor_type<std::allocator<void>,0> >::do_complete
0x00007ff7433cda3e (Unity) asio::detail::win_iocp_io_context::do_one
0x00007ff7433cf6a4 (Unity) asio::detail::win_iocp_io_context::run
0x00007ff7433dfe3c (Unity) IOService::Run
0x00007ff7433b32bf (Unity) AssetImportWorkerClient::Run
0x00007ff74337ec27 (Unity) RunAssetImportWorkerClientV2
0x00007ff74337ecab (Unity) RunAssetImporterV2
0x00007ff742b7867e (Unity) Application::InitializeProject
0x00007ff74300b6a5 (Unity) WinMain
0x00007ff7443bd35e (Unity) __scrt_common_main_seh
0x00007ffc72c6e8d7 (KERNEL32) BaseThreadInitThunk
0x00007ffc734bbf2c (ntdll) RtlUserThreadStart

Begin MonoManager ReloadAssembly
- Loaded All Assemblies, in  0.448 seconds
Native extension for WindowsStandalone target not found
Native extension for Android target not found
Mono: successfully reloaded assembly
[Package Manager] Server::EnsureServerProcessIsRunning -- launch failed, reason: Unity was launched with the -noUpm command-line argument
[Package Manager] UpmClient::Send -- Unable to send message (not connected to UPM process).
[Package Manager] Cannot connect to Unity Package Manager local server
- Finished resetting the current domain, in  1.179 seconds
Domain Reload Profiling: 1622ms
	BeginReloadAssembly (145ms)
		ExecutionOrderSort (0ms)
		DisableScriptedObjects (8ms)
		BackupInstance (0ms)
		ReleaseScriptingObjects (0ms)
		CreateAndSetChildDomain (30ms)
	RebuildCommonClasses (29ms)
	RebuildNativeTypeToScriptingClass (10ms)
	initialDomainReloadingComplete (29ms)
	LoadAllAssembliesAndSetupDomain (229ms)
		LoadAssemblies (288ms)
		RebuildTransferFunctionScriptingTraits (0ms)
		AnalyzeDomain (16ms)
			TypeCache.Refresh (8ms)
				TypeCache.ScanAssembly (0ms)
			ScanForSourceGeneratedMonoScriptInfo (0ms)
			ResolveRequiredComponents (6ms)
	FinalizeReload (1180ms)
		ReleaseScriptCaches (0ms)
		RebuildScriptCaches (0ms)
		SetupLoadedEditorAssemblies (458ms)
			LogAssemblyErrors (0ms)
			InitializePlatformSupportModulesInManaged (27ms)
			SetLoadedEditorAssemblies (3ms)
			RefreshPlugins (0ms)
			BeforeProcessingInitializeOnLoad (84ms)
			ProcessInitializeOnLoadAttributes (300ms)
			ProcessInitializeOnLoadMethodAttributes (35ms)
			AfterProcessingInitializeOnLoad (8ms)
			EditorAssembliesLoaded (0ms)
		ExecutionOrderSort2 (0ms)
		AwakeInstancesAfterBackupRestoration (12ms)
Refreshing native plugins compatible for Editor in 9.91 ms, found 4 plugins.
Preloading 0 native plugins for Editor in 0.00 ms.
Unloading 4480 Unused Serialized files (Serialized files now loaded: 0)
Unloading 20 unused Assets / (112.3 KB). Loaded Objects now: 5563.
Memory consumption went from 158.4 MB to 158.3 MB.
Total: 3.597700 ms (FindLiveObjects: 0.389500 ms CreateObjectMapping: 0.230700 ms MarkObjects: 2.888300 ms  DeleteObjects: 0.088400 ms)

Prepare: number of updated asset objects reloaded= 0
AssetImportParameters requested are different than current active one (requested -> active):
  custom:container-demuxer-ogg: 62fdf1f143b41e24485cea50d1cbac27 -> 
  custom:video-codec-MediaFoundation-h265: 746d11721c4dcdbdad8f713fa42b33f4 -> 
  custom:video-decoder-ogg-theora: a1e56fd34408186e4bbccfd4996cb3dc -> 
  custom:framework-win-MediaFoundation: 216162199b28c13a410421893ffa2e32 -> 
  custom:CustomObjectIndexerAttribute: 9a22284fe3817be447336de3de66b15e -> 
  custom:container-demuxer-webm: 4f35f7cbe854078d1ac9338744f61a02 -> 
  custom:container-muxer-webm: aa71ff27fc2769a1b78a27578f13a17b -> 
  custom:video-decoder-webm-vp8: 9c59270c3fd7afecdb556c50c9e8de78 -> 
  custom:SearchIndexIgnoredProperties: e643bd26f0fe6173181afceb89e7c659 -> 
  custom:AudioImporter_EditorPlatform: d09bf68614088b80899f8185d706f6e7 -> 
  custom:video-encoder-webm-vp8: eb34c28f22e8b96e1ab97ce403110664 -> 
  custom:audio-decoder-ogg-vorbis: bf7c407c2cedff20999df2af8eb42d56 -> 
  custom:scripting/monoscript/fileName/MainMenuCoinDisplay.cs: 145d5a3e9ba21299e4f3d41e009c4419 -> 
  custom:audio-encoder-webm-vorbis: bf7c407c2cedff20999df2af8eb42d56 -> 
  custom:scripting/monoscript/fileName/ScoreManager.cs: 2117df56b7ba23abd331d761e713022a -> 
  custom:scripting/precompiled-assembly-types:Assembly-CSharp: bd8e7985b0e5383a90fcd111f499cd25 -> 1d189b278584937dbe15bd548035eb59
========================================================================
Received Prepare
Refreshing native plugins compatible for Editor in 14.32 ms, found 4 plugins.
Preloading 0 native plugins for Editor in 0.00 ms.
Unloading 2 Unused Serialized files (Serialized files now loaded: 0)
Unloading 2 unused Assets / (86.2 KB). Loaded Objects now: 5563.
Memory consumption went from 89.0 MB to 88.9 MB.
Total: 5.023300 ms (FindLiveObjects: 0.572000 ms CreateObjectMapping: 0.251700 ms MarkObjects: 4.125200 ms  DeleteObjects: 0.072000 ms)

Prepare: number of updated asset objects reloaded= 0
AssetImportParameters requested are different than current active one (requested -> active):
  custom:container-demuxer-ogg: 62fdf1f143b41e24485cea50d1cbac27 -> 
  custom:video-codec-MediaFoundation-h265: 746d11721c4dcdbdad8f713fa42b33f4 -> 
  custom:video-decoder-ogg-theora: a1e56fd34408186e4bbccfd4996cb3dc -> 
  custom:framework-win-MediaFoundation: 216162199b28c13a410421893ffa2e32 -> 
  custom:CustomObjectIndexerAttribute: 9a22284fe3817be447336de3de66b15e -> 
  custom:container-demuxer-webm: 4f35f7cbe854078d1ac9338744f61a02 -> 
  custom:container-muxer-webm: aa71ff27fc2769a1b78a27578f13a17b -> 
  custom:video-decoder-webm-vp8: 9c59270c3fd7afecdb556c50c9e8de78 -> 
  custom:SearchIndexIgnoredProperties: e643bd26f0fe6173181afceb89e7c659 -> 
  custom:AudioImporter_EditorPlatform: d09bf68614088b80899f8185d706f6e7 -> 
  custom:video-encoder-webm-vp8: eb34c28f22e8b96e1ab97ce403110664 -> 
  custom:audio-decoder-ogg-vorbis: bf7c407c2cedff20999df2af8eb42d56 -> 
  custom:scripting/monoscript/fileName/MainMenuCoinDisplay.cs: 145d5a3e9ba21299e4f3d41e009c4419 -> 
  custom:audio-encoder-webm-vorbis: bf7c407c2cedff20999df2af8eb42d56 -> 
  custom:scripting/monoscript/fileName/ScoreManager.cs: 2117df56b7ba23abd331d761e713022a -> 
  custom:scripting/precompiled-assembly-types:Assembly-CSharp: bd8e7985b0e5383a90fcd111f499cd25 -> 1d189b278584937dbe15bd548035eb59
